GeneId	Cluster
AT1G02890	Both_Down
AT1G03290	Both_Down
AT1G04950	Both_Down
AT1G05120	Both_Down
AT1G07720	Both_Down
AT1G07950	Both_Down
AT1G08600	Both_Down
AT1G13160	Both_Down
AT1G22440	Both_Down
AT1G23230	Both_Down
AT1G27050	Both_Down
AT1G31280	Both_Down
AT1G47870	Both_Down
AT1G49730	Both_Down
AT1G51380	Both_Down
AT1G51560	Both_Down
AT1G52980	Both_Down
AT1G53800	Both_Down
AT1G54140	Both_Down
AT1G55500	Both_Down
AT1G60850	Both_Down
AT1G62820	Both_Down
AT1G63980	Both_Down
AT1G64370	Both_Down
AT1G67870	Both_Down
AT1G78610	Both_Down
AT2G23090	Both_Down
AT2G32950	Both_Down
AT2G34357	Both_Down
AT2G34750	Both_Down
AT2G36930	Both_Down
AT2G39260	Both_Down
AT2G40430	Both_Down
AT2G47250	Both_Down
AT2G47680	Both_Down
AT3G04670	Both_Down
AT3G13940	Both_Down
AT3G19680	Both_Down
AT3G20540	Both_Down
AT3G25470	Both_Down
AT3G27670	Both_Down
AT3G46220	Both_Down
AT3G48530	Both_Down
AT3G54350	Both_Down
AT3G54460	Both_Down
AT3G56510	Both_Down
AT3G62800	Both_Down
AT4G01000	Both_Down
AT4G05420	Both_Down
AT4G14340	Both_Down
AT4G16150	Both_Down
AT4G16420	Both_Down
AT4G18905	Both_Down
AT4G19610	Both_Down
AT4G24020	Both_Down
AT4G27490	Both_Down
AT4G29160	Both_Down
AT4G31570	Both_Down
AT4G38130	Both_Down
AT5G01090	Both_Down
AT5G01270	Both_Down
AT5G02850	Both_Down
AT5G04240	Both_Down
AT5G06360	Both_Down
AT5G06830	Both_Down
AT5G10810	Both_Down
AT5G12260	Both_Down
AT5G15680	Both_Down
AT5G20170	Both_Down
AT5G21160	Both_Down
AT5G23610	Both_Down
AT5G35910	Both_Down
AT5G42540	Both_Down
AT5G49930	Both_Down
AT5G53620	Both_Down
AT5G54940	Both_Down
AT5G60990	Both_Down
AT5G61020	Both_Down
AT5G61140	Both_Down
AT5G61770	Both_Down
AT5G64680	Both_Down
AT5G65540	Both_Down
AT5G67240	Both_Down
AT1G01710	Both_Up
AT1G07990	Both_Up
AT1G11870	Both_Up
AT1G16270	Both_Up
AT1G26880	Both_Up
AT1G60550	Both_Up
AT1G71950	Both_Up
AT2G13540	Both_Up
AT2G27200	Both_Up
AT2G29400	Both_Up
AT2G31810	Both_Up
AT2G34700	Both_Up
AT2G40690	Both_Up
AT3G02090	Both_Up
AT3G16440	Both_Up
AT3G51800	Both_Up
AT4G27440	Both_Up
AT4G34555	Both_Up
AT4G39990	Both_Up
AT5G02870	Both_Up
AT5G20080	Both_Up
AT5G23530	Both_Up
AT1G01950	Col0_only_Down
AT1G04400	Col0_only_Down
AT1G06220	Col0_only_Down
AT1G06700	Col0_only_Down
AT1G07370	Col0_only_Down
AT1G09320	Col0_only_Down
AT1G10390	Col0_only_Down
AT1G12110	Col0_only_Down
AT1G12650	Col0_only_Down
AT1G13020	Col0_only_Down
AT1G13190	Col0_only_Down
AT1G15440	Col0_only_Down
AT1G15780	Col0_only_Down
AT1G15810	Col0_only_Down
AT1G15910	Col0_only_Down
AT1G16280	Col0_only_Down
AT1G16810	Col0_only_Down
AT1G17070	Col0_only_Down
AT1G17760	Col0_only_Down
AT1G21170	Col0_only_Down
AT1G21580	Col0_only_Down
AT1G21610	Col0_only_Down
AT1G24310	Col0_only_Down
AT1G25055	Col0_only_Down
AT1G29320	Col0_only_Down
AT1G32490	Col0_only_Down
AT1G43140	Col0_only_Down
AT1G44810	Col0_only_Down
AT1G48920	Col0_only_Down
AT1G50240	Col0_only_Down
AT1G52760	Col0_only_Down
AT1G53165	Col0_only_Down
AT1G55325	Col0_only_Down
AT1G60640	Col0_only_Down
AT1G60650	Col0_only_Down
AT1G61040	Col0_only_Down
AT1G62740	Col0_only_Down
AT1G62830	Col0_only_Down
AT1G62970	Col0_only_Down
AT1G65280	Col0_only_Down
AT1G68410	Col0_only_Down
AT1G69340	Col0_only_Down
AT1G72160	Col0_only_Down
AT1G72320	Col0_only_Down
AT1G72390	Col0_only_Down
AT1G72440	Col0_only_Down
AT1G73330	Col0_only_Down
AT1G73460	Col0_only_Down
AT1G76140	Col0_only_Down
AT1G76510	Col0_only_Down
AT1G76850	Col0_only_Down
AT1G76870	Col0_only_Down
AT1G77300	Col0_only_Down
AT1G79000	Col0_only_Down
AT1G79350	Col0_only_Down
AT1G80010	Col0_only_Down
AT1G80940	Col0_only_Down
AT2G02570	Col0_only_Down
AT2G02790	Col0_only_Down
AT2G03070	Col0_only_Down
AT2G05230	Col0_only_Down
AT2G15430	Col0_only_Down
AT2G15620	Col0_only_Down
AT2G16070	Col0_only_Down
AT2G17410	Col0_only_Down
AT2G17510	Col0_only_Down
AT2G17930	Col0_only_Down
AT2G18220	Col0_only_Down
AT2G18750	Col0_only_Down
AT2G19540	Col0_only_Down
AT2G21150	Col0_only_Down
AT2G21440	Col0_only_Down
AT2G22100	Col0_only_Down
AT2G22480	Col0_only_Down
AT2G24590	Col0_only_Down
AT2G25320	Col0_only_Down
AT2G25930	Col0_only_Down
AT2G26890	Col0_only_Down
AT2G28150	Col0_only_Down
AT2G29540	Col0_only_Down
AT2G30740	Col0_only_Down
AT2G31370	Col0_only_Down
AT2G34260	Col0_only_Down
AT2G38120	Col0_only_Down
AT2G39190	Col0_only_Down
AT2G39940	Col0_only_Down
AT2G40060	Col0_only_Down
AT2G40070	Col0_only_Down
AT2G40930	Col0_only_Down
AT2G41475	Col0_only_Down
AT2G43090	Col0_only_Down
AT2G44020	Col0_only_Down
AT2G44530	Col0_only_Down
AT2G44710	Col0_only_Down
AT2G44980	Col0_only_Down
AT2G45620	Col0_only_Down
AT2G45850	Col0_only_Down
AT2G46020	Col0_only_Down
AT2G47410	Col0_only_Down
AT2G48160	Col0_only_Down
AT3G01090	Col0_only_Down
AT3G01160	Col0_only_Down
AT3G01320	Col0_only_Down
AT3G01340	Col0_only_Down
AT3G04160	Col0_only_Down
AT3G04740	Col0_only_Down
AT3G05680	Col0_only_Down
AT3G06290	Col0_only_Down
AT3G06400	Col0_only_Down
AT3G06480	Col0_only_Down
AT3G07020	Col0_only_Down
AT3G07050	Col0_only_Down
AT3G07690	Col0_only_Down
AT3G09700	Col0_only_Down
AT3G10330	Col0_only_Down
AT3G10380	Col0_only_Down
AT3G10530	Col0_only_Down
AT3G11960	Col0_only_Down
AT3G11964	Col0_only_Down
AT3G12280	Col0_only_Down
AT3G12680	Col0_only_Down
AT3G13200	Col0_only_Down
AT3G13670	Col0_only_Down
AT3G14330	Col0_only_Down
AT3G14890	Col0_only_Down
AT3G15420	Col0_only_Down
AT3G15460	Col0_only_Down
AT3G15970	Col0_only_Down
AT3G16000	Col0_only_Down
AT3G16270	Col0_only_Down
AT3G16840	Col0_only_Down
AT3G17850	Col0_only_Down
AT3G18310	Col0_only_Down
AT3G18520	Col0_only_Down
AT3G18640	Col0_only_Down
AT3G18760	Col0_only_Down
AT3G20560	Col0_only_Down
AT3G20630	Col0_only_Down
AT3G23590	Col0_only_Down
AT3G23620	Col0_only_Down
AT3G24570	Col0_only_Down
AT3G25680	Col0_only_Down
AT3G26400	Col0_only_Down
AT3G27460	Col0_only_Down
AT3G27960	Col0_only_Down
AT3G28030	Col0_only_Down
AT3G28730	Col0_only_Down
AT3G28860	Col0_only_Down
AT3G43220	Col0_only_Down
AT3G44680	Col0_only_Down
AT3G46640	Col0_only_Down
AT3G47850	Col0_only_Down
AT3G48430	Col0_only_Down
AT3G48670	Col0_only_Down
AT3G49660	Col0_only_Down
AT3G49890	Col0_only_Down
AT3G52280	Col0_only_Down
AT3G52860	Col0_only_Down
AT3G55000	Col0_only_Down
AT3G57340	Col0_only_Down
AT3G57660	Col0_only_Down
AT3G58630	Col0_only_Down
AT3G60240	Col0_only_Down
AT3G61710	Col0_only_Down
AT3G63070	Col0_only_Down
AT4G00420	Col0_only_Down
AT4G01590	Col0_only_Down
AT4G03120	Col0_only_Down
AT4G04830	Col0_only_Down
AT4G04920	Col0_only_Down
AT4G05390	Col0_only_Down
AT4G07950	Col0_only_Down
AT4G09150	Col0_only_Down
AT4G09340	Col0_only_Down
AT4G09980	Col0_only_Down
AT4G10430	Col0_only_Down
AT4G10790	Col0_only_Down
AT4G11790	Col0_only_Down
AT4G12300	Col0_only_Down
AT4G12780	Col0_only_Down
AT4G12980	Col0_only_Down
AT4G13460	Col0_only_Down
AT4G13660	Col0_only_Down
AT4G13750	Col0_only_Down
AT4G15020	Col0_only_Down
AT4G15180	Col0_only_Down
AT4G15410	Col0_only_Down
AT4G15570	Col0_only_Down
AT4G15790	Col0_only_Down
AT4G16630	Col0_only_Down
AT4G17190	Col0_only_Down
AT4G17330	Col0_only_Down
AT4G18130	Col0_only_Down
AT4G18530	Col0_only_Down
AT4G19710	Col0_only_Down
AT4G20280	Col0_only_Down
AT4G20300	Col0_only_Down
AT4G21520	Col0_only_Down
AT4G21670	Col0_only_Down
AT4G22285	Col0_only_Down
AT4G22770	Col0_only_Down
AT4G24800	Col0_only_Down
AT4G25180	Col0_only_Down
AT4G25340	Col0_only_Down
AT4G26640	Col0_only_Down
AT4G26780	Col0_only_Down
AT4G27010	Col0_only_Down
AT4G28710	Col0_only_Down
AT4G29220	Col0_only_Down
AT4G30000	Col0_only_Down
AT4G32200	Col0_only_Down
AT4G32285	Col0_only_Down
AT4G32420	Col0_only_Down
AT4G32620	Col0_only_Down
AT4G32820	Col0_only_Down
AT4G33200	Col0_only_Down
AT4G33910	Col0_only_Down
AT4G34640	Col0_only_Down
AT4G35580	Col0_only_Down
AT4G35750	Col0_only_Down
AT4G36690	Col0_only_Down
AT4G36980	Col0_only_Down
AT4G37210	Col0_only_Down
AT4G38180	Col0_only_Down
AT4G38600	Col0_only_Down
AT5G01010	Col0_only_Down
AT5G04510	Col0_only_Down
AT5G06460	Col0_only_Down
AT5G07940	Col0_only_Down
AT5G08130	Col0_only_Down
AT5G09380	Col0_only_Down
AT5G09390	Col0_only_Down
AT5G09840	Col0_only_Down
AT5G09860	Col0_only_Down
AT5G10240	Col0_only_Down
AT5G12220	Col0_only_Down
AT5G13010	Col0_only_Down
AT5G13020	Col0_only_Down
AT5G13310	Col0_only_Down
AT5G13500	Col0_only_Down
AT5G13590	Col0_only_Down
AT5G14250	Col0_only_Down
AT5G14270	Col0_only_Down
AT5G15020	Col0_only_Down
AT5G15270	Col0_only_Down
AT5G16560	Col0_only_Down
AT5G16750	Col0_only_Down
AT5G16890	Col0_only_Down
AT5G17900	Col0_only_Down
AT5G19210	Col0_only_Down
AT5G20250	Col0_only_Down
AT5G20510	Col0_only_Down
AT5G21010	Col0_only_Down
AT5G23080	Col0_only_Down
AT5G23680	Col0_only_Down
AT5G24010	Col0_only_Down
AT5G24165	Col0_only_Down
AT5G25080	Col0_only_Down
AT5G25150	Col0_only_Down
AT5G25590	Col0_only_Down
AT5G26180	Col0_only_Down
AT5G27720	Col0_only_Down
AT5G38840	Col0_only_Down
AT5G39510	Col0_only_Down
AT5G41790	Col0_only_Down
AT5G44180	Col0_only_Down
AT5G44280	Col0_only_Down
AT5G44780	Col0_only_Down
AT5G45470	Col0_only_Down
AT5G46020	Col0_only_Down
AT5G46400	Col0_only_Down
AT5G46840	Col0_only_Down
AT5G48030	Col0_only_Down
AT5G48930	Col0_only_Down
AT5G52010	Col0_only_Down
AT5G53460	Col0_only_Down
AT5G53940	Col0_only_Down
AT5G54910	Col0_only_Down
AT5G54960	Col0_only_Down
AT5G55300	Col0_only_Down
AT5G56280	Col0_only_Down
AT5G56630	Col0_only_Down
AT5G58020	Col0_only_Down
AT5G59010	Col0_only_Down
AT5G60030	Col0_only_Down
AT5G60040	Col0_only_Down
AT5G61000	Col0_only_Down
AT5G62270	Col0_only_Down
AT5G62930	Col0_only_Down
AT5G63110	Col0_only_Down
AT5G63260	Col0_only_Down
AT5G64390	Col0_only_Down
AT5G65160	Col0_only_Down
AT5G65900	Col0_only_Down
AT5G66170	Col0_only_Down
AT5G66540	Col0_only_Down
AT5G67530	Col0_only_Down
AT5G67540	Col0_only_Down
AT1G02640	Col0_only_Up
AT1G02780	Col0_only_Up
AT1G02810	Col0_only_Up
AT1G04110	Col0_only_Up
AT1G04170	Col0_only_Up
AT1G04520	Col0_only_Up
AT1G04680	Col0_only_Up
AT1G04710	Col0_only_Up
AT1G06490	Col0_only_Up
AT1G07070	Col0_only_Up
AT1G08160	Col0_only_Up
AT1G14610	Col0_only_Up
AT1G16000	Col0_only_Up
AT1G16790	Col0_only_Up
AT1G16905	Col0_only_Up
AT1G17880	Col0_only_Up
AT1G18540	Col0_only_Up
AT1G18970	Col0_only_Up
AT1G18980	Col0_only_Up
AT1G19900	Col0_only_Up
AT1G20225	Col0_only_Up
AT1G20850	Col0_only_Up
AT1G21670	Col0_only_Up
AT1G22840	Col0_only_Up
AT1G23170	Col0_only_Up
AT1G26560	Col0_only_Up
AT1G26820	Col0_only_Up
AT1G29050	Col0_only_Up
AT1G29660	Col0_only_Up
AT1G29670	Col0_only_Up
AT1G30600	Col0_only_Up
AT1G30760	Col0_only_Up
AT1G33040	Col0_only_Up
AT1G33120	Col0_only_Up
AT1G33811	Col0_only_Up
AT1G34360	Col0_only_Up
AT1G41830	Col0_only_Up
AT1G43790	Col0_only_Up
AT1G44835	Col0_only_Up
AT1G47600	Col0_only_Up
AT1G48830	Col0_only_Up
AT1G48930	Col0_only_Up
AT1G50060	Col0_only_Up
AT1G51470	Col0_only_Up
AT1G52060	Col0_only_Up
AT1G52070	Col0_only_Up
AT1G53070	Col0_only_Up
AT1G53290	Col0_only_Up
AT1G53830	Col0_only_Up
AT1G55180	Col0_only_Up
AT1G55210	Col0_only_Up
AT1G57590	Col0_only_Up
AT1G58170	Col0_only_Up
AT1G59600	Col0_only_Up
AT1G59710	Col0_only_Up
AT1G61770	Col0_only_Up
AT1G61900	Col0_only_Up
AT1G62660	Col0_only_Up
AT1G63220	Col0_only_Up
AT1G64990	Col0_only_Up
AT1G65270	Col0_only_Up
AT1G65570	Col0_only_Up
AT1G65820	Col0_only_Up
AT1G65870	Col0_only_Up
AT1G66520	Col0_only_Up
AT1G66530	Col0_only_Up
AT1G66580	Col0_only_Up
AT1G68850	Col0_only_Up
AT1G69210	Col0_only_Up
AT1G71380	Col0_only_Up
AT1G72550	Col0_only_Up
AT1G72710	Col0_only_Up
AT1G73260	Col0_only_Up
AT1G74000	Col0_only_Up
AT1G74020	Col0_only_Up
AT1G76160	Col0_only_Up
AT1G77122	Col0_only_Up
AT1G77710	Col0_only_Up
AT1G79720	Col0_only_Up
AT1G80240	Col0_only_Up
AT2G01630	Col0_only_Up
AT2G06850	Col0_only_Up
AT2G15220	Col0_only_Up
AT2G16250	Col0_only_Up
AT2G18980	Col0_only_Up
AT2G20440	Col0_only_Up
AT2G23630	Col0_only_Up
AT2G24280	Col0_only_Up
AT2G25840	Col0_only_Up
AT2G27190	Col0_only_Up
AT2G27920	Col0_only_Up
AT2G28100	Col0_only_Up
AT2G28470	Col0_only_Up
AT2G31110	Col0_only_Up
AT2G32810	Col0_only_Up
AT2G33840	Col0_only_Up
AT2G34080	Col0_only_Up
AT2G34810	Col0_only_Up
AT2G35605	Col0_only_Up
AT2G35690	Col0_only_Up
AT2G35770	Col0_only_Up
AT2G35860	Col0_only_Up
AT2G35960	Col0_only_Up
AT2G37020	Col0_only_Up
AT2G38010	Col0_only_Up
AT2G38040	Col0_only_Up
AT2G38080	Col0_only_Up
AT2G38390	Col0_only_Up
AT2G39090	Col0_only_Up
AT2G39990	Col0_only_Up
AT2G40290	Col0_only_Up
AT2G42790	Col0_only_Up
AT2G44260	Col0_only_Up
AT2G44450	Col0_only_Up
AT2G44570	Col0_only_Up
AT2G45330	Col0_only_Up
AT2G45670	Col0_only_Up
AT2G46280	Col0_only_Up
AT2G47710	Col0_only_Up
AT3G01190	Col0_only_Up
AT3G01680	Col0_only_Up
AT3G02200	Col0_only_Up
AT3G02560	Col0_only_Up
AT3G02710	Col0_only_Up
AT3G04600	Col0_only_Up
AT3G05840	Col0_only_Up
AT3G06300	Col0_only_Up
AT3G06860	Col0_only_Up
AT3G07420	Col0_only_Up
AT3G07990	Col0_only_Up
AT3G08600	Col0_only_Up
AT3G09220	Col0_only_Up
AT3G09925	Col0_only_Up
AT3G11450	Col0_only_Up
AT3G11660	Col0_only_Up
AT3G11770	Col0_only_Up
AT3G11780	Col0_only_Up
AT3G13360	Col0_only_Up
AT3G13580	Col0_only_Up
AT3G14850	Col0_only_Up
AT3G14920	Col0_only_Up
AT3G15800	Col0_only_Up
AT3G16230	Col0_only_Up
AT3G16660	Col0_only_Up
AT3G18490	Col0_only_Up
AT3G19870	Col0_only_Up
AT3G20015	Col0_only_Up
AT3G20570	Col0_only_Up
AT3G21300	Col0_only_Up
AT3G24480	Col0_only_Up
AT3G28200	Col0_only_Up
AT3G29090	Col0_only_Up
AT3G44100	Col0_only_Up
AT3G45010	Col0_only_Up
AT3G46550	Col0_only_Up
AT3G48460	Col0_only_Up
AT3G49240	Col0_only_Up
AT3G51330	Col0_only_Up
AT3G51350	Col0_only_Up
AT3G51790	Col0_only_Up
AT3G52370	Col0_only_Up
AT3G52500	Col0_only_Up
AT3G53610	Col0_only_Up
AT3G55140	Col0_only_Up
AT3G56460	Col0_only_Up
AT3G57290	Col0_only_Up
AT3G58750	Col0_only_Up
AT3G59010	Col0_only_Up
AT3G59990	Col0_only_Up
AT3G60810	Col0_only_Up
AT3G60900	Col0_only_Up
AT3G61490	Col0_only_Up
AT3G62280	Col0_only_Up
AT4G00860	Col0_only_Up
AT4G00990	Col0_only_Up
AT4G03190	Col0_only_Up
AT4G03550	Col0_only_Up
AT4G05530	Col0_only_Up
AT4G08160	Col0_only_Up
AT4G08690	Col0_only_Up
AT4G08900	Col0_only_Up
AT4G11160	Col0_only_Up
AT4G11210	Col0_only_Up
AT4G11420	Col0_only_Up
AT4G12390	Col0_only_Up
AT4G12510	Col0_only_Up
AT4G12730	Col0_only_Up
AT4G13210	Col0_only_Up
AT4G14630	Col0_only_Up
AT4G14940	Col0_only_Up
AT4G15890	Col0_only_Up
AT4G16210	Col0_only_Up
AT4G16500	Col0_only_Up
AT4G16660	Col0_only_Up
AT4G17360	Col0_only_Up
AT4G17830	Col0_only_Up
AT4G18550	Col0_only_Up
AT4G19040	Col0_only_Up
AT4G21585	Col0_only_Up
AT4G23590	Col0_only_Up
AT4G23690	Col0_only_Up
AT4G24430	Col0_only_Up
AT4G25250	Col0_only_Up
AT4G25970	Col0_only_Up
AT4G28250	Col0_only_Up
AT4G28940	Col0_only_Up
AT4G29680	Col0_only_Up
AT4G30140	Col0_only_Up
AT4G31420	Col0_only_Up
AT4G33420	Col0_only_Up
AT4G34020	Col0_only_Up
AT4G34260	Col0_only_Up
AT4G35560	Col0_only_Up
AT4G36880	Col0_only_Up
AT4G37520	Col0_only_Up
AT4G38650	Col0_only_Up
AT5G01230	Col0_only_Up
AT5G01610	Col0_only_Up
AT5G01930	Col0_only_Up
AT5G02610	Col0_only_Up
AT5G02740	Col0_only_Up
AT5G03160	Col0_only_Up
AT5G06140	Col0_only_Up
AT5G06330	Col0_only_Up
AT5G06450	Col0_only_Up
AT5G06970	Col0_only_Up
AT5G09760	Col0_only_Up
AT5G12290	Col0_only_Up
AT5G12950	Col0_only_Up
AT5G12970	Col0_only_Up
AT5G13450	Col0_only_Up
AT5G13690	Col0_only_Up
AT5G13780	Col0_only_Up
AT5G13980	Col0_only_Up
AT5G14130	Col0_only_Up
AT5G14150	Col0_only_Up
AT5G14660	Col0_only_Up
AT5G15180	Col0_only_Up
AT5G16240	Col0_only_Up
AT5G18460	Col0_only_Up
AT5G18970	Col0_only_Up
AT5G19420	Col0_only_Up
AT5G20660	Col0_only_Up
AT5G20710	Col0_only_Up
AT5G20870	Col0_only_Up
AT5G20950	Col0_only_Up
AT5G21222	Col0_only_Up
AT5G24090	Col0_only_Up
AT5G24490	Col0_only_Up
AT5G24520	Col0_only_Up
AT5G25754	Col0_only_Up
AT5G25780	Col0_only_Up
AT5G26320	Col0_only_Up
AT5G26780	Col0_only_Up
AT5G26830	Col0_only_Up
AT5G34940	Col0_only_Up
AT5G35680	Col0_only_Up
AT5G37475	Col0_only_Up
AT5G38940	Col0_only_Up
AT5G39940	Col0_only_Up
AT5G42100	Col0_only_Up
AT5G42510	Col0_only_Up
AT5G43580	Col0_only_Up
AT5G44130	Col0_only_Up
AT5G45650	Col0_only_Up
AT5G45670	Col0_only_Up
AT5G45950	Col0_only_Up
AT5G48485	Col0_only_Up
AT5G49360	Col0_only_Up
AT5G50400	Col0_only_Up
AT5G53070	Col0_only_Up
AT5G53530	Col0_only_Up
AT5G54280	Col0_only_Up
AT5G55050	Col0_only_Up
AT5G56720	Col0_only_Up
AT5G57330	Col0_only_Up
AT5G57410	Col0_only_Up
AT5G58450	Col0_only_Up
AT5G59090	Col0_only_Up
AT5G63530	Col0_only_Up
AT5G63810	Col0_only_Up
AT5G63870	Col0_only_Up
AT5G66030	Col0_only_Up
AT5G66920	Col0_only_Up
AT1G01140	ufm1_only_Down
AT1G03360	ufm1_only_Down
AT1G03365	ufm1_only_Down
AT1G06060	ufm1_only_Down
AT1G06670	ufm1_only_Down
AT1G07910	ufm1_only_Down
AT1G08260	ufm1_only_Down
AT1G10350	ufm1_only_Down
AT1G10590	ufm1_only_Down
AT1G11130	ufm1_only_Down
AT1G11760	ufm1_only_Down
AT1G12400	ufm1_only_Down
AT1G12560	ufm1_only_Down
AT1G14830	ufm1_only_Down
AT1G14890	ufm1_only_Down
AT1G17220	ufm1_only_Down
AT1G18270	ufm1_only_Down
AT1G20910	ufm1_only_Down
AT1G22170	ufm1_only_Down
AT1G22930	ufm1_only_Down
AT1G23280	ufm1_only_Down
AT1G26370	ufm1_only_Down
AT1G26830	ufm1_only_Down
AT1G27752	ufm1_only_Down
AT1G29220	ufm1_only_Down
AT1G30960	ufm1_only_Down
AT1G31410	ufm1_only_Down
AT1G33230	ufm1_only_Down
AT1G33990	ufm1_only_Down
AT1G43860	ufm1_only_Down
AT1G48160	ufm1_only_Down
AT1G48410	ufm1_only_Down
AT1G49040	ufm1_only_Down
AT1G51600	ufm1_only_Down
AT1G53940	ufm1_only_Down
AT1G54360	ufm1_only_Down
AT1G56290	ufm1_only_Down
AT1G60080	ufm1_only_Down
AT1G60620	ufm1_only_Down
AT1G61990	ufm1_only_Down
AT1G63810	ufm1_only_Down
AT1G64040	ufm1_only_Down
AT1G71350	ufm1_only_Down
AT1G73670	ufm1_only_Down
AT1G75510	ufm1_only_Down
AT1G77670	ufm1_only_Down
AT1G78050	ufm1_only_Down
AT1G78580	ufm1_only_Down
AT2G01910	ufm1_only_Down
AT2G03270	ufm1_only_Down
AT2G03870	ufm1_only_Down
AT2G17230	ufm1_only_Down
AT2G17670	ufm1_only_Down
AT2G19470	ufm1_only_Down
AT2G19490	ufm1_only_Down
AT2G20495	ufm1_only_Down
AT2G23540	ufm1_only_Down
AT2G24500	ufm1_only_Down
AT2G24990	ufm1_only_Down
AT2G25270	ufm1_only_Down
AT2G25560	ufm1_only_Down
AT2G25670	ufm1_only_Down
AT2G26280	ufm1_only_Down
AT2G26780	ufm1_only_Down
AT2G27590	ufm1_only_Down
AT2G27840	ufm1_only_Down
AT2G28600	ufm1_only_Down
AT2G29190	ufm1_only_Down
AT2G33730	ufm1_only_Down
AT2G34900	ufm1_only_Down
AT2G35920	ufm1_only_Down
AT2G36870	ufm1_only_Down
AT2G39140	ufm1_only_Down
AT2G45520	ufm1_only_Down
AT2G48110	ufm1_only_Down
AT3G01435	ufm1_only_Down
AT3G01800	ufm1_only_Down
AT3G04560	ufm1_only_Down
AT3G06810	ufm1_only_Down
AT3G07750	ufm1_only_Down
AT3G10270	ufm1_only_Down
AT3G11230	ufm1_only_Down
AT3G11270	ufm1_only_Down
AT3G12580	ufm1_only_Down
AT3G12620	ufm1_only_Down
AT3G13160	ufm1_only_Down
AT3G13224	ufm1_only_Down
AT3G14810	ufm1_only_Down
AT3G15010	ufm1_only_Down
AT3G15220	ufm1_only_Down
AT3G16290	ufm1_only_Down
AT3G18210	ufm1_only_Down
AT3G18390	ufm1_only_Down
AT3G21350	ufm1_only_Down
AT3G21465	ufm1_only_Down
AT3G22400	ufm1_only_Down
AT3G23325	ufm1_only_Down
AT3G26170	ufm1_only_Down
AT3G26490	ufm1_only_Down
AT3G28540	ufm1_only_Down
AT3G43590	ufm1_only_Down
AT3G44750	ufm1_only_Down
AT3G47910	ufm1_only_Down
AT3G48860	ufm1_only_Down
AT3G49100	ufm1_only_Down
AT3G51770	ufm1_only_Down
AT3G58660	ufm1_only_Down
AT3G60190	ufm1_only_Down
AT3G60500	ufm1_only_Down
AT4G00360	ufm1_only_Down
AT4G00930	ufm1_only_Down
AT4G01390	ufm1_only_Down
AT4G02110	ufm1_only_Down
AT4G02150	ufm1_only_Down
AT4G02570	ufm1_only_Down
AT4G03180	ufm1_only_Down
AT4G04320	ufm1_only_Down
AT4G10840	ufm1_only_Down
AT4G11240	ufm1_only_Down
AT4G11560	ufm1_only_Down
AT4G15393	ufm1_only_Down
AT4G16990	ufm1_only_Down
AT4G18040	ufm1_only_Down
AT4G19150	ufm1_only_Down
AT4G22080	ufm1_only_Down
AT4G24690	ufm1_only_Down
AT4G24840	ufm1_only_Down
AT4G27650	ufm1_only_Down
AT4G28820	ufm1_only_Down
AT4G28880	ufm1_only_Down
AT4G30440	ufm1_only_Down
AT4G30935	ufm1_only_Down
AT4G31490	ufm1_only_Down
AT4G33400	ufm1_only_Down
AT4G34660	ufm1_only_Down
AT4G34910	ufm1_only_Down
AT4G37100	ufm1_only_Down
AT4G37510	ufm1_only_Down
AT5G02480	ufm1_only_Down
AT5G02490	ufm1_only_Down
AT5G04600	ufm1_only_Down
AT5G08560	ufm1_only_Down
AT5G13000	ufm1_only_Down
AT5G15120	ufm1_only_Down
AT5G15980	ufm1_only_Down
AT5G17930	ufm1_only_Down
AT5G20930	ufm1_only_Down
AT5G22840	ufm1_only_Down
AT5G26680	ufm1_only_Down
AT5G38890	ufm1_only_Down
AT5G41020	ufm1_only_Down
AT5G41150	ufm1_only_Down
AT5G41220	ufm1_only_Down
AT5G41360	ufm1_only_Down
AT5G41370	ufm1_only_Down
AT5G42060	ufm1_only_Down
AT5G42660	ufm1_only_Down
AT5G46210	ufm1_only_Down
AT5G46630	ufm1_only_Down
AT5G48630	ufm1_only_Down
AT5G48640	ufm1_only_Down
AT5G49580	ufm1_only_Down
AT5G50810	ufm1_only_Down
AT5G51130	ufm1_only_Down
AT5G51740	ufm1_only_Down
AT5G52060	ufm1_only_Down
AT5G53310	ufm1_only_Down
AT5G58230	ufm1_only_Down
AT5G61970	ufm1_only_Down
AT5G63120	ufm1_only_Down
AT5G63420	ufm1_only_Down
AT5G64600	ufm1_only_Down
AT5G66950	ufm1_only_Down
AT5G67580	ufm1_only_Down
AT1G01910	ufm1_only_Up
AT1G03130	ufm1_only_Up
AT1G03475	ufm1_only_Up
AT1G05310	ufm1_only_Up
AT1G05350	ufm1_only_Up
AT1G05520	ufm1_only_Up
AT1G06950	ufm1_only_Up
AT1G07750	ufm1_only_Up
AT1G08200	ufm1_only_Up
AT1G08210	ufm1_only_Up
AT1G08620	ufm1_only_Up
AT1G09130	ufm1_only_Up
AT1G11720	ufm1_only_Up
AT1G12900	ufm1_only_Up
AT1G15210	ufm1_only_Up
AT1G15370	ufm1_only_Up
AT1G15820	ufm1_only_Up
AT1G16560	ufm1_only_Up
AT1G16890	ufm1_only_Up
AT1G19570	ufm1_only_Up
AT1G19870	ufm1_only_Up
AT1G20440	ufm1_only_Up
AT1G20620	ufm1_only_Up
AT1G21640	ufm1_only_Up
AT1G22530	ufm1_only_Up
AT1G23190	ufm1_only_Up
AT1G23900	ufm1_only_Up
AT1G24180	ufm1_only_Up
AT1G25490	ufm1_only_Up
AT1G29880	ufm1_only_Up
AT1G30470	ufm1_only_Up
AT1G30690	ufm1_only_Up
AT1G34220	ufm1_only_Up
AT1G43670	ufm1_only_Up
AT1G48030	ufm1_only_Up
AT1G49140	ufm1_only_Up
AT1G50200	ufm1_only_Up
AT1G50380	ufm1_only_Up
AT1G50700	ufm1_only_Up
AT1G51690	ufm1_only_Up
AT1G54270	ufm1_only_Up
AT1G58370	ufm1_only_Up
AT1G60070	ufm1_only_Up
AT1G62380	ufm1_only_Up
AT1G62850	ufm1_only_Up
AT1G63770	ufm1_only_Up
AT1G65220	ufm1_only_Up
AT1G66150	ufm1_only_Up
AT1G66270	ufm1_only_Up
AT1G66280	ufm1_only_Up
AT1G66680	ufm1_only_Up
AT1G66940	ufm1_only_Up
AT1G67930	ufm1_only_Up
AT1G70730	ufm1_only_Up
AT1G70830	ufm1_only_Up
AT1G78380	ufm1_only_Up
AT1G78900	ufm1_only_Up
AT1G79440	ufm1_only_Up
AT1G79870	ufm1_only_Up
AT1G80350	ufm1_only_Up
AT1G80460	ufm1_only_Up
AT1G80600	ufm1_only_Up
AT2G01470	ufm1_only_Up
AT2G03510	ufm1_only_Up
AT2G04650	ufm1_only_Up
AT2G07050	ufm1_only_Up
AT2G07698	ufm1_only_Up
AT2G14720	ufm1_only_Up
AT2G17420	ufm1_only_Up
AT2G17560	ufm1_only_Up
AT2G19080	ufm1_only_Up
AT2G19940	ufm1_only_Up
AT2G24820	ufm1_only_Up
AT2G28390	ufm1_only_Up
AT2G29750	ufm1_only_Up
AT2G30970	ufm1_only_Up
AT2G31060	ufm1_only_Up
AT2G32900	ufm1_only_Up
AT2G33040	ufm1_only_Up
AT2G33100	ufm1_only_Up
AT2G33210	ufm1_only_Up
AT2G35610	ufm1_only_Up
AT2G35840	ufm1_only_Up
AT2G36530	ufm1_only_Up
AT2G36620	ufm1_only_Up
AT2G37970	ufm1_only_Up
AT2G39080	ufm1_only_Up
AT2G39270	ufm1_only_Up
AT2G39330	ufm1_only_Up
AT2G40100	ufm1_only_Up
AT2G41600	ufm1_only_Up
AT2G41680	ufm1_only_Up
AT2G42600	ufm1_only_Up
AT2G42690	ufm1_only_Up
AT2G44100	ufm1_only_Up
AT2G44350	ufm1_only_Up
AT2G45070	ufm1_only_Up
AT2G46030	ufm1_only_Up
AT2G47510	ufm1_only_Up
AT2G47940	ufm1_only_Up
AT3G01500	ufm1_only_Up
AT3G01740	ufm1_only_Up
AT3G01930	ufm1_only_Up
AT3G02420	ufm1_only_Up
AT3G03110	ufm1_only_Up
AT3G03470	ufm1_only_Up
AT3G03520	ufm1_only_Up
AT3G05230	ufm1_only_Up
AT3G06580	ufm1_only_Up
AT3G07180	ufm1_only_Up
AT3G07570	ufm1_only_Up
AT3G08910	ufm1_only_Up
AT3G09810	ufm1_only_Up
AT3G10920	ufm1_only_Up
AT3G13410	ufm1_only_Up
AT3G14930	ufm1_only_Up
AT3G15640	ufm1_only_Up
AT3G16460	ufm1_only_Up
AT3G16780	ufm1_only_Up
AT3G16910	ufm1_only_Up
AT3G20370	ufm1_only_Up
AT3G20810	ufm1_only_Up
AT3G23400	ufm1_only_Up
AT3G27740	ufm1_only_Up
AT3G28300	ufm1_only_Up
AT3G45780	ufm1_only_Up
AT3G46290	ufm1_only_Up
AT3G48000	ufm1_only_Up
AT3G48730	ufm1_only_Up
AT3G48870	ufm1_only_Up
AT3G48990	ufm1_only_Up
AT3G49140	ufm1_only_Up
AT3G49190	ufm1_only_Up
AT3G50520	ufm1_only_Up
AT3G51310	ufm1_only_Up
AT3G51580	ufm1_only_Up
AT3G52560	ufm1_only_Up
AT3G52580	ufm1_only_Up
AT3G54870	ufm1_only_Up
AT3G56100	ufm1_only_Up
AT3G57610	ufm1_only_Up
AT3G58140	ufm1_only_Up
AT3G58560	ufm1_only_Up
AT3G60330	ufm1_only_Up
AT3G60860	ufm1_only_Up
AT3G61200	ufm1_only_Up
AT3G61270	ufm1_only_Up
AT3G63460	ufm1_only_Up
AT4G00620	ufm1_only_Up
AT4G00730	ufm1_only_Up
AT4G01070	ufm1_only_Up
AT4G02030	ufm1_only_Up
AT4G02930	ufm1_only_Up
AT4G04040	ufm1_only_Up
AT4G05400	ufm1_only_Up
AT4G05450	ufm1_only_Up
AT4G08620	ufm1_only_Up
AT4G09650	ufm1_only_Up
AT4G10120	ufm1_only_Up
AT4G11820	ufm1_only_Up
AT4G14070	ufm1_only_Up
AT4G14160	ufm1_only_Up
AT4G17270	ufm1_only_Up
AT4G17510	ufm1_only_Up
AT4G18240	ufm1_only_Up
AT4G20890	ufm1_only_Up
AT4G21160	ufm1_only_Up
AT4G23650	ufm1_only_Up
AT4G24620	ufm1_only_Up
AT4G24830	ufm1_only_Up
AT4G25220	ufm1_only_Up
AT4G25280	ufm1_only_Up
AT4G26510	ufm1_only_Up
AT4G27370	ufm1_only_Up
AT4G27700	ufm1_only_Up
AT4G27760	ufm1_only_Up
AT4G27860	ufm1_only_Up
AT4G29040	ufm1_only_Up
AT4G29130	ufm1_only_Up
AT4G29510	ufm1_only_Up
AT4G31580	ufm1_only_Up
AT4G32180	ufm1_only_Up
AT4G32640	ufm1_only_Up
AT4G33510	ufm1_only_Up
AT4G33530	ufm1_only_Up
AT4G33580	ufm1_only_Up
AT4G33760	ufm1_only_Up
AT4G34050	ufm1_only_Up
AT4G34740	ufm1_only_Up
AT4G34890	ufm1_only_Up
AT4G35260	ufm1_only_Up
AT4G35830	ufm1_only_Up
AT4G38510	ufm1_only_Up
AT5G02270	ufm1_only_Up
AT5G03290	ufm1_only_Up
AT5G07300	ufm1_only_Up
AT5G09900	ufm1_only_Up
AT5G11040	ufm1_only_Up
AT5G11520	ufm1_only_Up
AT5G11880	ufm1_only_Up
AT5G12410	ufm1_only_Up
AT5G12470	ufm1_only_Up
AT5G13480	ufm1_only_Up
AT5G13530	ufm1_only_Up
AT5G14220	ufm1_only_Up
AT5G14780	ufm1_only_Up
AT5G15910	ufm1_only_Up
AT5G16280	ufm1_only_Up
AT5G17050	ufm1_only_Up
AT5G17310	ufm1_only_Up
AT5G17440	ufm1_only_Up
AT5G17530	ufm1_only_Up
AT5G17770	ufm1_only_Up
AT5G18520	ufm1_only_Up
AT5G19220	ufm1_only_Up
AT5G19990	ufm1_only_Up
AT5G20010	ufm1_only_Up
AT5G20840	ufm1_only_Up
AT5G20980	ufm1_only_Up
AT5G23300	ufm1_only_Up
AT5G23860	ufm1_only_Up
AT5G23980	ufm1_only_Up
AT5G24020	ufm1_only_Up
AT5G38530	ufm1_only_Up
AT5G39570	ufm1_only_Up
AT5G39590	ufm1_only_Up
AT5G43330	ufm1_only_Up
AT5G43780	ufm1_only_Up
AT5G44090	ufm1_only_Up
AT5G44150	ufm1_only_Up
AT5G46570	ufm1_only_Up
AT5G47950	ufm1_only_Up
AT5G48300	ufm1_only_Up
AT5G48600	ufm1_only_Up
AT5G51220	ufm1_only_Up
AT5G52840	ufm1_only_Up
AT5G53540	ufm1_only_Up
AT5G54810	ufm1_only_Up
AT5G55610	ufm1_only_Up
AT5G55910	ufm1_only_Up
AT5G56500	ufm1_only_Up
AT5G57110	ufm1_only_Up
AT5G57490	ufm1_only_Up
AT5G58140	ufm1_only_Up
AT5G62790	ufm1_only_Up
AT5G63570	ufm1_only_Up
AT5G64290	ufm1_only_Up
AT5G66120	ufm1_only_Up
AT5G66420	ufm1_only_Up
AT5G66760	ufm1_only_Up
AT5G67220	ufm1_only_Up
