ID...1.WT	GeneID	geneSymbol	chr.WT	strand.WT	longExonStart_0base.WT	longExonEnd.WT	shortES.WT	shortEE.WT	flankingES.WT	flankingEE.WT	ID...12.WT	IJC_SAMPLE_1.WT	SJC_SAMPLE_1.WT	IJC_SAMPLE_2.WT	SJC_SAMPLE_2.WT	IncFormLen.WT	SkipFormLen.WT	PValue.WT	FDR.WT	IncLevel1.WT	IncLevel2.WT	IncLevelDifference.WT	across_short_boundary_count.WT	long_to_flanking_count.WT	exclusive_to_long_count.WT	short_to_flanking_count.WT	EventType	event_id	FDR_num.WT	dPSI_num.WT	mean_psi_ctrl.WT	mean_psi_case.WT	total_reads.WT	1stExonStart_0base.WT	1stExonEnd.WT	2ndExonStart_0base.WT	2ndExonEnd.WT	upstreamES.WT	upstreamEE.WT	downstreamES.WT	downstreamEE.WT	ID...14.WT	upstream_to_first_count.WT	first_to_downstream_count.WT	first_count.WT	upstream_to_second_count.WT	second_to_downstream_count.WT	second_count.WT	riExonStart_0base.WT	riExonEnd.WT	upstream_to_intron_count.WT	intron_to_downstream_count.WT	intron_count.WT	upstream_to_downstream_count.WT	exonStart_0base.WT	exonEnd.WT	upstream_to_target_count.WT	target_to_downstream_count.WT	target_count.WT	ID...1.UFM	chr.UFM	strand.UFM	longExonStart_0base.UFM	longExonEnd.UFM	shortES.UFM	shortEE.UFM	flankingES.UFM	flankingEE.UFM	ID...12.UFM	IJC_SAMPLE_1.UFM	SJC_SAMPLE_1.UFM	IJC_SAMPLE_2.UFM	SJC_SAMPLE_2.UFM	IncFormLen.UFM	SkipFormLen.UFM	PValue.UFM	FDR.UFM	IncLevel1.UFM	IncLevel2.UFM	IncLevelDifference.UFM	across_short_boundary_count.UFM	long_to_flanking_count.UFM	exclusive_to_long_count.UFM	short_to_flanking_count.UFM	FDR_num.UFM	dPSI_num.UFM	mean_psi_ctrl.UFM	mean_psi_case.UFM	total_reads.UFM	1stExonStart_0base.UFM	1stExonEnd.UFM	2ndExonStart_0base.UFM	2ndExonEnd.UFM	upstreamES.UFM	upstreamEE.UFM	downstreamES.UFM	downstreamEE.UFM	ID...14.UFM	upstream_to_first_count.UFM	first_to_downstream_count.UFM	first_count.UFM	upstream_to_second_count.UFM	second_to_downstream_count.UFM	second_count.UFM	riExonStart_0base.UFM	riExonEnd.UFM	upstream_to_intron_count.UFM	intron_to_downstream_count.UFM	intron_count.UFM	upstream_to_downstream_count.UFM	exonStart_0base.UFM	exonEnd.UFM	upstream_to_target_count.UFM	target_to_downstream_count.UFM	target_count.UFM
19	ENSG00000196924.19	FLNA	chrX	-	NA	NA	NA	NA	NA	NA	19	6290,5734,6868	1184,1023,1340	10138,9613,11286	1070,960,1152	850	149	2.1368462555e-12	1.2599174268005768e-10	0.482,0.496,0.473	0.624,0.637,0.632	-0.147	NA	NA	NA	NA	RI	chrX|-|154350030|154351696|154350030|154350207|154350908|154351696	1.2599174268005768e-10	-0.147	0.48366666666666663	0.631	56658	NA	NA	NA	NA	154350030	154350207	154350908	154351696	NA	NA	NA	NA	NA	NA	NA	154350030	154351696	1175,1125,1314,1847,1666,2075	960,801,919,1393,1457,1624	4155,3808,4635,6898,6490,7587	1184,1023,1340,1070,960,1152	NA	NA	NA	NA	NA	19	chrX	-	NA	NA	NA	NA	NA	NA	19	5038,6085,7345	931,1474,1542	8945,7875,8977	957,932,1100	850	149	2.31314967181e-12	1.225360602461455e-10	0.487,0.42,0.455	0.621,0.597,0.589	-0.148	NA	NA	NA	NA	1.225360602461455e-10	-0.148	0.454	0.6023333333333333	51201	NA	NA	NA	NA	154350030	154350207	154350908	154351696	NA	NA	NA	NA	NA	NA	NA	154350030	154351696	944,1020,1386,1653,1467,1764	718,859,1000,1318,1066,1202	3376,4206,4959,5974,5342,6011	931,1474,1542,957,932,1100	NA	NA	NA	NA	NA
97	ENSG00000186787.10	SPIN2B	chrX	-	NA	NA	NA	NA	NA	NA	97	31,48,17	2,0,4	41,2,7	0,0,0	452	149	0.00316983308644	0.01427123090018361	0.836,1.0,0.584	1.0,1.0,1.0	-0.193	NA	NA	NA	NA	RI	chrX|-|57119681|57120631|57119681|57120101|57120404|57120631	0.01427123090018361	-0.193	0.8066666666666666	1	152	NA	NA	NA	NA	57119681	57120101	57120404	57120631	NA	NA	NA	NA	NA	NA	NA	57119681	57120631	4,3,0,6,0,1	2,0,0,0,1,0	25,45,17,35,1,6	2,0,4,0,0,0	NA	NA	NA	NA	NA	97	chrX	-	NA	NA	NA	NA	NA	NA	97	24,13,45	7,0,1	11,10,5	0,0,0	452	149	2.56308307762e-4	0.00166435039846743	0.531,1.0,0.937	1.0,1.0,1.0	-0.177	NA	NA	NA	NA	0.00166435039846743	-0.177	0.8226666666666667	1	116	NA	NA	NA	NA	57119681	57120101	57120404	57120631	NA	NA	NA	NA	NA	NA	NA	57119681	57120631	5,1,5,2,4,2	0,1,0,0,3,0	19,11,40,9,3,3	7,0,1,0,0,0	NA	NA	NA	NA	NA
130	ENSG00000215301.11	DDX3X	chrX	+	NA	NA	NA	NA	NA	NA	130	559,473,599	460,491,547	1066,860,1233	431,420,463	1027	149	1.11022302463e-16	1.2377977430965744e-14	0.15,0.123,0.137	0.264,0.229,0.279	-0.121	NA	NA	NA	NA	RI	chrX|+|41341483|41342653|41341483|41341616|41342494|41342653	1.2377977430965744e-14	-0.121	0.13666666666666666	0.25733333333333336	7602	NA	NA	NA	NA	41341483	41341616	41342494	41342653	NA	NA	NA	NA	NA	NA	NA	41341483	41342653	94,92,89,209,131,214	66,81,93,199,138,200	399,300,417,658,591,819	460,491,547,431,420,463	NA	NA	NA	NA	NA	130	chrX	+	NA	NA	NA	NA	NA	NA	130	454,354,713	508,586,400	1014,866,1104	363,321,316	1027	149	0	0	0.115,0.081,0.205	0.288,0.281,0.336	-0.168	NA	NA	NA	NA	0	-0.168	0.13366666666666666	0.3016666666666667	6999	NA	NA	NA	NA	41341483	41341616	41342494	41342653	NA	NA	NA	NA	NA	NA	NA	41341483	41342653	104,52,128,181,151,292	69,30,83,183,96,188	281,272,502,650,619,624	508,586,400,363,321,316	NA	NA	NA	NA	NA
144	ENSG00000182220.15	ATP6AP2	chrX	+	NA	NA	NA	NA	NA	NA	144	49,40,27	0,8,0	24,62,64	0,0,0	1189	149	0.00231342677758	0.01102248096357463	1.0,0.385,1.0	1.0,1.0,1.0	-0.205	NA	NA	NA	NA	RI	chrX|+|40599591|40600881|40599591|40599741|40600781|40600881	0.01102248096357463	-0.205	0.795	1	274	NA	NA	NA	NA	40599591	40599741	40600781	40600881	NA	NA	NA	NA	NA	NA	NA	40599591	40600881	4,3,7,10,24,11	14,11,2,6,24,11	31,26,18,8,14,42	0,8,0,0,0,0	NA	NA	NA	NA	NA	144	chrX	+	NA	NA	NA	NA	NA	NA	144	31,72,53	0,0,0	24,48,41	10,0,0	1189	149	0.0052323153403	0.02100927682185618	1.0,1.0,1.0	0.231,1.0,1.0	0.256	NA	NA	NA	NA	0.02100927682185618	0.256	1	0.7436666666666667	279	NA	NA	NA	NA	40599591	40599741	40600781	40600881	NA	NA	NA	NA	NA	NA	NA	40599591	40600881	0,6,0,5,22,15	9,22,6,0,0,0	22,44,47,19,26,26	0,0,0,10,0,0	NA	NA	NA	NA	NA
317	ENSG00000166913.13	YWHAB	chr20	+	NA	NA	NA	NA	NA	NA	317	832,806,1038	82,110,104	1326,1448,2010	40,66,82	2308	149	1.1657341758599999e-14	1.035982893677322e-12	0.396,0.321,0.392	0.682,0.586,0.613	-0.257	NA	NA	NA	NA	RI	chr20|+|44901530|44904116|44901530|44901833|44903992|44904116	1.035982893677322e-12	-0.257	0.3696666666666667	0.627	7944	NA	NA	NA	NA	44901530	44901833	44903992	44904116	NA	NA	NA	NA	NA	NA	NA	44901530	44904116	17,28,37,60,54,72	40,19,52,85,85,114	775,759,949,1181,1309,1824	82,110,104,40,66,82	NA	NA	NA	NA	NA	317	chr20	+	NA	NA	NA	NA	NA	NA	317	501,771,894	100,139,115	1297,1060,1492	62,40,96	2308	149	2.33146835171e-15	2.0113910537109559e-13	0.244,0.264,0.334	0.575,0.631,0.501	-0.288	NA	NA	NA	NA	2.0113910537109559e-13	-0.288	0.2806666666666667	0.569	6567	NA	NA	NA	NA	44901530	44901833	44903992	44904116	NA	NA	NA	NA	NA	NA	NA	44901530	44904116	32,38,28,57,41,70	30,22,46,109,74,72	439,711,820,1131,945,1350	100,139,115,62,40,96	NA	NA	NA	NA	NA
342	ENSG00000101384.12	JAG1	chr20	-	NA	NA	NA	NA	NA	NA	342	46,16,27	2,9,0	9,6,28	0,0,0	533	149	7.05593215591e-5	6.0176600806731e-4	0.865,0.332,1.0	1.0,1.0,1.0	-0.268	NA	NA	NA	NA	RI	chr20|-|10648548|10649107|10648548|10648676|10649060|10649107	6.0176600806731e-4	-0.268	0.7323333333333333	1	143	NA	NA	NA	NA	10648548	10648676	10649060	10649107	NA	NA	NA	NA	NA	NA	NA	10648548	10649107	13,6,17,3,0,7	7,0,0,0,0,5	26,10,10,6,6,16	2,9,0,0,0,0	NA	NA	NA	NA	NA	342	chr20	-	NA	NA	NA	NA	NA	NA	342	18,6,2	0,0,0	17,4,7	0,4,2	533	149	4.58241267092e-5	3.9533128742408e-4	1.0,1.0,1.0	1.0,0.218,0.495	0.429	NA	NA	NA	NA	3.9533128742408e-4	0.429	1	0.571	60	NA	NA	NA	NA	10648548	10648676	10649060	10649107	NA	NA	NA	NA	NA	NA	NA	10648548	10649107	18,6,2,17,3,3	0,0,0,0,1,2	0,0,0,0,0,2	0,0,0,0,4,2	NA	NA	NA	NA	NA
1329	ENSG00000100241.22	SBF1	chr22	-	NA	NA	NA	NA	NA	NA	1329	4,4,4	113,58,104	22,19,16	37,97,93	232	149	1.39137724675e-8	3.454220759947773e-7	0.022,0.042,0.024	0.276,0.112,0.099	-0.133	NA	NA	NA	NA	RI	chr22|-|50467337|50467693|50467337|50467448|50467531|50467693	3.454220759947773e-7	-0.133	0.029333333333333333	0.16233333333333333	571	NA	NA	NA	NA	50467337	50467448	50467531	50467693	NA	NA	NA	NA	NA	NA	NA	50467337	50467693	3,2,4,2,15,8	1,2,3,21,4,12	0,0,0,0,0,0	113,58,104,37,97,93	NA	NA	NA	NA	NA	1329	chr22	-	NA	NA	NA	NA	NA	NA	1329	22,30,54	105,124,104	11,3,0	61,77,129	232	149	1.54035117994e-10	5.6720614485717445e-9	0.119,0.134,0.25	0.104,0.024,0.0	0.125	NA	NA	NA	NA	5.6720614485717445e-9	0.125	0.16766666666666666	0.042666666666666665	720	NA	NA	NA	NA	50467337	50467448	50467531	50467693	NA	NA	NA	NA	NA	NA	NA	50467337	50467693	16,1,37,4,2,0	13,30,27,7,1,0	0,0,0,0,0,0	105,124,104,61,77,129	NA	NA	NA	NA	NA
1399	ENSG00000262152.7	GREP1	chr16	+	NA	NA	NA	NA	NA	NA	1399	0,0,6	12,4,4	9,12,7	0,0,2	578	149	4.93013707636e-9	1.4289941656391376e-7	0.0,0.0,0.279	1.0,1.0,0.474	-0.732	NA	NA	NA	NA	RI	chr16|+|2990086|2990587|2990086|2990122|2990551|2990587	1.4289941656391376e-7	-0.732	0.093	0.8246666666666667	56	NA	NA	NA	NA	2990086	2990122	2990551	2990587	NA	NA	NA	NA	NA	NA	NA	2990086	2990587	0,0,2,3,0,5	0,0,0,6,2,2	0,0,4,0,10,0	12,4,4,0,0,2	NA	NA	NA	NA	NA	1399	chr16	+	NA	NA	NA	NA	NA	NA	1399	7,7,13	0,8,0	2,4,3	7,8,2	578	149	5.51029666558e-4	0.00321203489994571	1.0,0.184,1.0	0.069,0.114,0.279	0.574	NA	NA	NA	NA	0.00321203489994571	0.574	0.728	0.15400000000000003	61	NA	NA	NA	NA	2990086	2990122	2990551	2990587	NA	NA	NA	NA	NA	NA	NA	2990086	2990587	0,0,0,0,2,0	7,2,9,2,2,3	0,5,4,0,0,0	0,8,0,7,8,2	NA	NA	NA	NA	NA
1539	ENSG00000174444.15	RPL4	chr15	-	NA	NA	NA	NA	NA	NA	1539	1373,1492,1609	436,562,699	1265,1612,2251	281,443,502	418	149	1.31492674937e-6	1.9243748990780047e-5	0.529,0.486,0.451	0.616,0.565,0.615	-0.11	NA	NA	NA	NA	RI	chr15|-|66500948|66501504|66500948|66501105|66501374|66501504	1.9243748990780047e-5	-0.11	0.4886666666666667	0.5986666666666667	12525	NA	NA	NA	NA	66500948	66501105	66501374	66501504	NA	NA	NA	NA	NA	NA	NA	66500948	66501504	577,574,543,454,515,761	323,300,393,289,339,611	473,618,673,522,758,879	436,562,699,281,443,502	NA	NA	NA	NA	NA	1539	chr15	-	NA	NA	NA	NA	NA	NA	1539	1011,1349,1780	514,595,660	1405,1546,1508	284,366,506	418	149	5.63800454356e-6	6.795989907895975e-5	0.412,0.447,0.49	0.638,0.601,0.515	-0.135	NA	NA	NA	NA	6.795989907895975e-5	-0.135	0.44966666666666666	0.5846666666666667	11524	NA	NA	NA	NA	66500948	66501105	66501374	66501504	NA	NA	NA	NA	NA	NA	NA	66500948	66501504	295,452,586,429,469,572	233,317,437,399,377,338	483,580,757,577,700,598	514,595,660,284,366,506	NA	NA	NA	NA	NA
1698	ENSG00000086504.18	MRPL28	chr16	-	NA	NA	NA	NA	NA	NA	1698	189,126,243	97,141,140	177,194,216	64,78,47	859	149	2.60081280032e-5	2.5974241191469e-4	0.253,0.134,0.231	0.324,0.301,0.444	-0.15	NA	NA	NA	NA	RI	chr16|-|368500|370225|368500|369220|369930|370225	2.5974241191469e-4	-0.15	0.20600000000000002	0.35633333333333334	1712	NA	NA	NA	NA	368500	369220	369930	370225	NA	NA	NA	NA	NA	NA	NA	368500	370225	38,0,19,16,23,24	22,50,19,33,26,36	129,76,205,128,145,156	97,141,140,64,78,47	NA	NA	NA	NA	NA	1698	chr16	-	NA	NA	NA	NA	NA	NA	1698	114,177,175	93,150,154	123,213,211	76,60,89	859	149	3.02569522748e-5	2.8508106403479e-4	0.175,0.17,0.165	0.219,0.381,0.291	-0.127	NA	NA	NA	NA	2.8508106403479e-4	-0.127	0.17	0.297	1635	NA	NA	NA	NA	368500	369220	369930	370225	NA	NA	NA	NA	NA	NA	NA	368500	370225	16,15,21,17,57,32	23,48,50,25,20,23	75,114,104,81,136,156	93,150,154,76,60,89	NA	NA	NA	NA	NA
1700	ENSG00000080815.20	PSEN1	chr14	+	NA	NA	NA	NA	NA	NA	1700	355,407,535	25,41,61	618,518,721	33,15,26	5445	149	5.18494191826e-6	6.569021455117835e-5	0.28,0.214,0.194	0.339,0.486,0.431	-0.189	NA	NA	NA	NA	RI	chr14|+|73206385|73211942|73206385|73206472|73211768|73211942	6.569021455117835e-5	-0.189	0.22933333333333333	0.4186666666666667	3355	NA	NA	NA	NA	73206385	73206472	73211768	73211942	NA	NA	NA	NA	NA	NA	NA	73206385	73211942	0,23,16,5,0,11	5,1,4,17,17,27	350,383,515,596,501,683	25,41,61,33,15,26	NA	NA	NA	NA	NA	1700	chr14	+	NA	NA	NA	NA	NA	NA	1700	339,391,358	52,43,79	563,538,474	11,27,30	5445	149	1.09751899946e-6	1.644644475865742e-5	0.151,0.199,0.11	0.583,0.353,0.302	-0.259	NA	NA	NA	NA	1.644644475865742e-5	-0.259	0.15333333333333332	0.4126666666666666	2905	NA	NA	NA	NA	73206385	73206472	73211768	73211942	NA	NA	NA	NA	NA	NA	NA	73206385	73211942	0,0,6,17,20,6	0,9,28,19,16,31	339,382,324,527,502,437	52,43,79,11,27,30	NA	NA	NA	NA	NA
1911	ENSG00000185624.16	P4HB	chr17	-	NA	NA	NA	NA	NA	NA	1911	2579,2361,2461	713,1524,1007	3311,3696,4937	579,648,876	1200	149	1.72990510805e-11	8.22308381594e-10	0.31,0.161,0.233	0.415,0.415,0.412	-0.179	NA	NA	NA	NA	RI	chr17|-|81843168|81845742|81843168|81844092|81845143|81845742	8.22308381594e-10	-0.179	0.23466666666666666	0.414	24692	NA	NA	NA	NA	81843168	81844092	81845143	81845742	NA	NA	NA	NA	NA	NA	NA	81843168	81845742	176,171,211,267,242,370	216,201,272,319,370,405	2187,1989,1978,2725,3084,4162	713,1524,1007,579,648,876	NA	NA	NA	NA	NA	1911	chr17	-	NA	NA	NA	NA	NA	NA	1911	2194,2641,3053	715,2096,1179	3113,3598,4013	741,624,807	1200	149	7.77361508497e-11	3.1506618455123373e-9	0.276,0.135,0.243	0.343,0.417,0.382	-0.163	NA	NA	NA	NA	3.1506618455123373e-9	-0.163	0.218	0.38066666666666665	24774	NA	NA	NA	NA	81843168	81844092	81845143	81845742	NA	NA	NA	NA	NA	NA	NA	81843168	81845742	207,181,245,253,261,339	145,186,231,314,288,383	1842,2274,2577,2546,3049,3291	715,2096,1179,741,624,807	NA	NA	NA	NA	NA
1913	ENSG00000185624.16	P4HB	chr17	-	NA	NA	NA	NA	NA	NA	1913	957,899,1124	533,1059,758	1056,1427,1481	481,499,658	479	149	5.37240747989e-6	6.715642678657391e-5	0.358,0.209,0.316	0.406,0.471,0.412	-0.135	NA	NA	NA	NA	RI	chr17|-|81845143|81845742|81845143|81845230|81845560|81845742	6.715642678657391e-5	-0.135	0.29433333333333334	0.42966666666666664	10932	NA	NA	NA	NA	81845143	81845230	81845560	81845742	NA	NA	NA	NA	NA	NA	NA	81845143	81845742	256,370,414,288,362,488	240,158,294,252,378,325	461,371,416,516,687,668	533,1059,758,481,499,658	NA	NA	NA	NA	NA	1913	chr17	-	NA	NA	NA	NA	NA	NA	1913	1013,1019,1098	504,1612,880	1168,1301,1441	393,590,577	479	149	1.36287611411e-5	1.4363715275934e-4	0.385,0.164,0.28	0.48,0.407,0.437	-0.165	NA	NA	NA	NA	1.4363715275934e-4	-0.165	0.2763333333333333	0.4413333333333333	11596	NA	NA	NA	NA	81845143	81845230	81845560	81845742	NA	NA	NA	NA	NA	NA	NA	81845143	81845742	329,315,348,374,375,415	215,289,259,291,342,328	469,415,491,503,584,698	504,1612,880,393,590,577	NA	NA	NA	NA	NA
1917	ENSG00000185624.16	P4HB	chr17	-	NA	NA	NA	NA	NA	NA	1917	198,145,266	367,761,477	248,369,391	264,324,400	277	149	3.16769943609e-11	1.417834521321451e-9	0.225,0.093,0.231	0.336,0.38,0.345	-0.171	NA	NA	NA	NA	RI	chr17|-|81845143|81845991|81845143|81845742|81845870|81845991	1.417834521321451e-9	-0.171	0.183	0.3536666666666667	4210	NA	NA	NA	NA	81845143	81845742	81845870	81845991	NA	NA	NA	NA	NA	NA	NA	81845143	81845991	148,86,164,132,226,275	66,76,119,99,144,134	2,0,14,28,2,13	367,761,477,264,324,400	NA	NA	NA	NA	NA	1917	chr17	-	NA	NA	NA	NA	NA	NA	1917	196,418,253	340,1030,601	264,331,288	257,375,394	277	149	3.15304893306e-10	1.1006510119508289e-8	0.237,0.179,0.185	0.356,0.322,0.282	-0.12	NA	NA	NA	NA	1.1006510119508289e-8	-0.12	0.20033333333333334	0.32	4747	NA	NA	NA	NA	81845143	81845742	81845870	81845991	NA	NA	NA	NA	NA	NA	NA	81845143	81845991	114,200,147,136,177,181	85,183,121,139,169,130	15,56,0,0,0,4	340,1030,601,257,375,394	NA	NA	NA	NA	NA
1919	ENSG00000185624.16	P4HB	chr17	-	NA	NA	NA	NA	NA	NA	1919	790,853,594	244,488,243	1141,1013,1126	286,209,213	1088	149	1.12952733833e-8	2.8980174220249205e-7	0.307,0.193,0.251	0.353,0.399,0.42	-0.14	NA	NA	NA	NA	RI	chr17|-|81859180|81860520|81859180|81859387|81860326|81860520	2.8980174220249205e-7	-0.14	0.25033333333333335	0.39066666666666666	7200	NA	NA	NA	NA	81859180	81859387	81860326	81860520	NA	NA	NA	NA	NA	NA	NA	81859180	81860520	193,253,169,226,221,202	32,38,9,44,30,35	565,562,416,871,762,889	244,488,243,286,209,213	NA	NA	NA	NA	NA	1919	chr17	-	NA	NA	NA	NA	NA	NA	1919	854,1047,868	216,544,276	1281,1121,1212	144,227,233	1088	149	1.08011989324e-5	1.1859716427775e-4	0.351,0.209,0.301	0.549,0.403,0.416	-0.169	NA	NA	NA	NA	1.1859716427775e-4	-0.169	0.287	0.456	8023	NA	NA	NA	NA	81859180	81859387	81860326	81860520	NA	NA	NA	NA	NA	NA	NA	81859180	81860520	176,223,169,243,283,192	24,26,27,53,44,32	654,798,672,985,794,988	216,544,276,144,227,233	NA	NA	NA	NA	NA
2066	ENSG00000198707.17	CEP290	chr12	-	NA	NA	NA	NA	NA	NA	2066	427,352,328	18,34,58	523,547,720	11,8,24	3812	149	1.3485283388e-5	1.4532822097577e-4	0.481,0.288,0.181	0.65,0.728,0.54	-0.323	NA	NA	NA	NA	RI	chr12|-|88102837|88106905|88102837|88103011|88106674|88106905	1.4532822097577e-4	-0.323	0.31666666666666665	0.6393333333333333	3050	NA	NA	NA	NA	88102837	88103011	88106674	88106905	NA	NA	NA	NA	NA	NA	NA	88102837	88106905	20,9,12,15,45,37	16,3,10,10,4,15	391,340,306,498,498,668	18,34,58,11,8,24	NA	NA	NA	NA	NA	2066	chr12	-	NA	NA	NA	NA	NA	NA	2066	328,381,465	12,28,23	450,519,562	10,6,2	3812	149	7.05377896992e-6	8.271411883368326e-5	0.517,0.347,0.441	0.638,0.772,0.917	-0.341	NA	NA	NA	NA	8.271411883368326e-5	-0.341	0.435	0.7756666666666667	2786	NA	NA	NA	NA	88102837	88103011	88106674	88106905	NA	NA	NA	NA	NA	NA	NA	88102837	88106905	2,39,16,27,9,49	12,5,7,4,17,24	314,337,442,419,493,489	12,28,23,10,6,2	NA	NA	NA	NA	NA
2204	ENSG00000075415.15	SLC25A3	chr12	+	NA	NA	NA	NA	NA	NA	2204	2583,2106,2668	136,180,176	2440,2718,3304	97,93,169	1740	149	3.33714474997e-4	0.00226004832830992	0.619,0.5,0.565	0.683,0.715,0.626	-0.113	NA	NA	NA	NA	RI	chr12|+|98593974|98595848|98593974|98594135|98595726|98595848	0.00226004832830992	-0.113	0.5613333333333334	0.6746666666666666	16670	NA	NA	NA	NA	98593974	98594135	98595726	98595848	NA	NA	NA	NA	NA	NA	NA	98593974	98595848	130,125,114,123,93,195	243,235,357,261,311,296	2210,1746,2197,2056,2314,2813	136,180,176,97,93,169	NA	NA	NA	NA	NA	2204	chr12	+	NA	NA	NA	NA	NA	NA	2204	1521,2495,2417	108,131,143	2422,2281,2525	100,86,83	1740	149	3.14093375176e-5	2.940790531299e-4	0.547,0.62,0.591	0.675,0.694,0.723	-0.111	NA	NA	NA	NA	2.940790531299e-4	-0.111	0.586	0.6973333333333334	14312	NA	NA	NA	NA	98593974	98594135	98595726	98595848	NA	NA	NA	NA	NA	NA	NA	98593974	98595848	83,87,103,126,117,134	55,281,275,282,224,182	1383,2127,2039,2014,1940,2209	108,131,143,100,86,83	NA	NA	NA	NA	NA
2271	ENSG00000131051.24	RBM39	chr20	-	NA	NA	NA	NA	NA	NA	2271	5405,4434,5641	141,62,172	7948,7062,10023	42,64,70	1955	149	1.22124532709e-15	1.227651859953423e-13	0.745,0.845,0.714	0.935,0.894,0.916	-0.147	NA	NA	NA	NA	RI	chr20|-|35738967|35740887|35738967|35739017|35740823|35740887	1.227651859953423e-13	-0.147	0.768	0.915	41064	NA	NA	NA	NA	35738967	35739017	35740823	35740887	NA	NA	NA	NA	NA	NA	NA	35738967	35740887	636,562,860,1045,1053,1464	172,187,140,181,183,159	4597,3685,4641,6722,5826,8400	141,62,172,42,64,70	NA	NA	NA	NA	NA	2271	chr20	-	NA	NA	NA	NA	NA	NA	2271	3433,4242,5221	87,163,190	7826,6402,7536	45,69,72	1955	149	0	0	0.75,0.665,0.677	0.93,0.876,0.889	-0.201	NA	NA	NA	NA	0	-0.201	0.6973333333333334	0.8983333333333333	35286	NA	NA	NA	NA	35738967	35739017	35740823	35740887	NA	NA	NA	NA	NA	NA	NA	35738967	35740887	397,491,845,1190,877,1039	132,132,136,123,136,128	2904,3619,4240,6513,5389,6369	87,163,190,45,69,72	NA	NA	NA	NA	NA
2280	ENSG00000064763.12	FAR2	chr12	+	NA	NA	NA	NA	NA	NA	2280	2,0,19	15,2,69	7,27,27	19,30,11	885	149	3.65862226098e-5	3.4409005681486e-4	0.022,0.0,0.044	0.058,0.132,0.292	-0.139	NA	NA	NA	NA	RI	chr12|+|29309185|29311950|29309185|29311146|29311882|29311950	3.4409005681486e-4	-0.139	0.022	0.16066666666666665	228	NA	NA	NA	NA	29309185	29311146	29311882	29311950	NA	NA	NA	NA	NA	NA	NA	29309185	29311950	2,0,0,2,6,14	0,0,0,4,0,0	0,0,19,1,21,13	15,2,69,19,30,11	NA	NA	NA	NA	NA	2280	chr12	+	NA	NA	NA	NA	NA	NA	2280	2,4,10	26,26,14	26,7,20	0,7,20	885	149	0.00145616483691	0.00729383766594343	0.013,0.025,0.107	1.0,0.144,0.144	-0.381	NA	NA	NA	NA	0.00729383766594343	-0.381	0.04833333333333333	0.4293333333333333	162	NA	NA	NA	NA	29309185	29311146	29311882	29311950	NA	NA	NA	NA	NA	NA	NA	29309185	29311950	2,0,1,3,3,10	0,4,0,6,0,0	0,0,9,17,4,10	26,26,14,0,7,20	NA	NA	NA	NA	NA
2321	ENSG00000111653.20	ING4	chr12	-	NA	NA	NA	NA	NA	NA	2321	161,62,128	12,34,21	29,52,63	1,4,0	501	149	1.92257466714e-4	0.00141697450227193	0.8,0.352,0.644	0.896,0.795,1.0	-0.298	NA	NA	NA	NA	RI	chr12|-|6652270|6652770|6652270|6652309|6652661|6652770	0.00141697450227193	-0.298	0.5986666666666667	0.897	567	NA	NA	NA	NA	6652270	6652309	6652661	6652770	NA	NA	NA	NA	NA	NA	NA	6652270	6652770	92,23,45,21,35,42	20,16,50,5,0,10	49,23,33,3,17,11	12,34,21,1,4,0	NA	NA	NA	NA	NA	2321	chr12	-	NA	NA	NA	NA	NA	NA	2321	73,117,136	1,3,15	16,43,12	8,9,5	501	149	1.15908327036e-5	1.2609190678084e-4	0.956,0.921,0.729	0.373,0.587,0.416	0.41	NA	NA	NA	NA	1.2609190678084e-4	0.41	0.8686666666666667	0.45866666666666667	438	NA	NA	NA	NA	6652270	6652309	6652661	6652770	NA	NA	NA	NA	NA	NA	NA	6652270	6652770	28,30,74,14,17,12	11,53,23,2,6,0	34,34,39,0,20,0	1,3,15,8,9,5	NA	NA	NA	NA	NA
2432	ENSG00000042429.12	MED17	chr11	+	NA	NA	NA	NA	NA	NA	2432	569,524,729	98,96,154	669,647,1044	54,55,128	2125	149	7.20354112915e-7	1.177923045438608e-5	0.289,0.277,0.249	0.465,0.452,0.364	-0.155	NA	NA	NA	NA	RI	chr11|+|93809716|93812378|93809716|93809876|93811852|93812378	1.177923045438608e-5	-0.155	0.27166666666666667	0.427	4767	NA	NA	NA	NA	93809716	93809876	93811852	93812378	NA	NA	NA	NA	NA	NA	NA	93809716	93812378	26,13,28,32,32,53	46,46,47,32,47,72	497,465,654,605,568,919	98,96,154,54,55,128	NA	NA	NA	NA	NA	2432	chr11	+	NA	NA	NA	NA	NA	NA	2432	385,441,789	41,165,144	859,781,813	70,60,81	2125	149	6.24354919742e-5	5.1509280878715e-4	0.397,0.158,0.278	0.462,0.477,0.413	-0.173	NA	NA	NA	NA	5.1509280878715e-4	-0.173	0.2776666666666667	0.45066666666666666	4629	NA	NA	NA	NA	93809716	93809876	93811852	93812378	NA	NA	NA	NA	NA	NA	NA	93809716	93812378	15,12,11,27,53,30	19,23,33,66,43,45	351,406,745,766,685,738	41,165,144,70,60,81	NA	NA	NA	NA	NA
2434	ENSG00000109861.17	CTSC	chr11	-	NA	NA	NA	NA	NA	NA	2434	798,799,833	84,190,111	686,651,760	22,48,54	4414	149	6.59768574085e-6	7.886356522980935e-5	0.243,0.124,0.202	0.513,0.314,0.322	-0.193	NA	NA	NA	NA	RI	chr11|-|88296132|88300645|88296132|88296264|88300529|88300645	7.886356522980935e-5	-0.193	0.18966666666666668	0.383	5036	NA	NA	NA	NA	88296132	88296264	88300529	88300645	NA	NA	NA	NA	NA	NA	NA	88296132	88300645	12,40,24,8,12,28	18,32,0,9,18,9	768,727,809,669,621,723	84,190,111,22,48,54	NA	NA	NA	NA	NA	2434	chr11	-	NA	NA	NA	NA	NA	NA	2434	619,832,872	86,394,156	529,516,673	31,67,48	4414	149	2.0281977875e-8	4.947999661374133e-7	0.195,0.067,0.159	0.365,0.206,0.321	-0.157	NA	NA	NA	NA	4.947999661374133e-7	-0.157	0.14033333333333334	0.29733333333333334	4823	NA	NA	NA	NA	88296132	88296264	88300529	88300645	NA	NA	NA	NA	NA	NA	NA	88296132	88300645	10,41,48,19,36,32	2,4,35,27,15,27	607,787,789,483,465,614	86,394,156,31,67,48	NA	NA	NA	NA	NA
2435	ENSG00000109861.17	CTSC	chr11	-	NA	NA	NA	NA	NA	NA	2435	1148,993,1006	63,152,104	3191,2739,3861	24,57,58	6889	149	1.11022302463e-16	1.2377977430965744e-14	0.283,0.124,0.173	0.742,0.51,0.59	-0.421	NA	NA	NA	NA	RI	chr11|-|88328111|88335082|88328111|88328196|88334936|88335082	1.2377977430965744e-14	-0.421	0.19333333333333333	0.614	13396	NA	NA	NA	NA	88328111	88328196	88334936	88335082	NA	NA	NA	NA	NA	NA	NA	88328111	88335082	32,73,49,106,108,177	23,3,8,33,48,45	1093,917,949,3052,2583,3639	63,152,104,24,57,58	NA	NA	NA	NA	NA	2435	chr11	-	NA	NA	NA	NA	NA	NA	2435	847,915,1194	25,145,71	3393,2601,2754	53,110,32	6889	149	4.62868347678e-4	0.00277789323668597	0.423,0.12,0.267	0.581,0.338,0.651	-0.253	NA	NA	NA	NA	0.00277789323668597	-0.253	0.27	0.5233333333333333	12140	NA	NA	NA	NA	88328111	88328196	88334936	88335082	NA	NA	NA	NA	NA	NA	NA	88328111	88335082	23,57,51,193,116,90	11,7,3,37,55,47	813,851,1140,3163,2430,2617	25,145,71,53,110,32	NA	NA	NA	NA	NA
2482	ENSG00000184154.16	LRRC51	chr11	+	NA	NA	NA	NA	NA	NA	2482	6,7,33	5,0,5	60,40,49	0,0,2	431	149	6.99221981262e-5	5.9839872537044e-4	0.293,1.0,0.695	1.0,1.0,0.894	-0.302	NA	NA	NA	NA	RI	chr11|+|72094947|72096895|72094947|72095096|72095378|72096895	5.9839872537044e-4	-0.302	0.6626666666666666	0.9646666666666667	207	NA	NA	NA	NA	72094947	72095096	72095378	72096895	NA	NA	NA	NA	NA	NA	NA	72094947	72096895	3,3,16,24,6,15	0,1,9,0,4,16	3,3,8,36,30,18	5,0,5,0,0,2	NA	NA	NA	NA	NA	2482	chr11	+	NA	NA	NA	NA	NA	NA	2482	13,5,25	0,0,0	35,53,109	0,22,0	431	149	0.00133468377078	0.006784642501465	1.0,1.0,1.0	1.0,0.454,1.0	0.182	NA	NA	NA	NA	0.006784642501465	0.182	1	0.8180000000000001	262	NA	NA	NA	NA	72094947	72095096	72095378	72096895	NA	NA	NA	NA	NA	NA	NA	72094947	72096895	0,3,6,8,32,36	13,2,9,15,11,23	0,0,10,12,10,50	0,0,0,0,22,0	NA	NA	NA	NA	NA
2630	ENSG00000168003.19	SLC3A2	chr11	+	NA	NA	NA	NA	NA	NA	2630	392,532,576	375,382,415	1366,1274,1548	462,515,588	990	149	3.9968028886499995e-15	3.7133932292730003e-13	0.136,0.173,0.173	0.308,0.271,0.284	-0.127	NA	NA	NA	NA	RI	chr11|+|62881892|62882999|62881892|62882066|62882907|62882999	3.7133932292730003e-13	-0.127	0.16066666666666665	0.2876666666666667	8425	NA	NA	NA	NA	62881892	62882066	62882907	62882999	NA	NA	NA	NA	NA	NA	NA	62881892	62882999	55,67,51,104,136,106	118,168,131,299,304,400	219,297,394,963,834,1042	375,382,415,462,515,588	NA	NA	NA	NA	NA	2630	chr11	+	NA	NA	NA	NA	NA	NA	2630	390,642,702	310,423,444	1483,1069,1296	424,420,441	990	149	7.793765632869999e-14	5.2883764783035874e-12	0.159,0.186,0.192	0.345,0.277,0.307	-0.131	NA	NA	NA	NA	5.2883764783035874e-12	-0.131	0.179	0.30966666666666665	8044	NA	NA	NA	NA	62881892	62882066	62882907	62882999	NA	NA	NA	NA	NA	NA	NA	62881892	62882999	31,70,53,144,84,136	96,180,212,367,249,343	263,392,437,972,736,817	310,423,444,424,420,441	NA	NA	NA	NA	NA
2777	ENSG00000166436.18	TRIM66	chr11	-	NA	NA	NA	NA	NA	NA	2777	14,24,8	27,17,31	54,22,31	11,5,12	478	149	7.82210208827e-8	1.6370351537635372e-6	0.139,0.306,0.074	0.605,0.578,0.446	-0.37	NA	NA	NA	NA	RI	chr11|-|8647969|8648548|8647969|8648086|8648415|8648548	1.6370351537635372e-6	-0.37	0.173	0.5429999999999999	256	NA	NA	NA	NA	8647969	8648086	8648415	8648548	NA	NA	NA	NA	NA	NA	NA	8647969	8648548	5,12,1,27,15,15	0,2,0,12,3,3	9,10,7,15,4,13	27,17,31,11,5,12	NA	NA	NA	NA	NA	2777	chr11	-	NA	NA	NA	NA	NA	NA	2777	32,35,10	12,14,8	48,39,21	2,9,3	478	149	0.00200521097286	0.00949202180227939	0.454,0.438,0.28	0.882,0.575,0.686	-0.324	NA	NA	NA	NA	0.00949202180227939	-0.324	0.39066666666666666	0.7143333333333334	233	NA	NA	NA	NA	8647969	8648086	8648415	8648548	NA	NA	NA	NA	NA	NA	NA	8647969	8648548	0,11,5,13,13,4	21,6,3,10,16,7	11,18,2,25,10,10	12,14,8,2,9,3	NA	NA	NA	NA	NA
2982	ENSG00000077232.19	DNAJC10	chr2	+	NA	NA	NA	NA	NA	NA	2982	186,163,150	0,18,2	121,115,142	3,0,0	1233	149	0.0048566535499	0.01996045547452198	1.0,0.523,0.901	0.83,1.0,1.0	-0.135	NA	NA	NA	NA	RI	chr2|+|182717015|182718290|182717015|182717072|182718156|182718290	0.01996045547452198	-0.135	0.808	0.9433333333333334	900	NA	NA	NA	NA	182717015	182717072	182718156	182718290	NA	NA	NA	NA	NA	NA	NA	182717015	182718290	13,0,0,0,6,0	93,67,80,34,45,67	80,96,70,87,64,75	0,18,2,3,0,0	NA	NA	NA	NA	NA	2982	chr2	+	NA	NA	NA	NA	NA	NA	2982	114,212,184	12,24,3	114,121,124	1,4,1	1233	149	0.00158929918961	0.00783492065800391	0.534,0.516,0.881	0.932,0.785,0.937	-0.241	NA	NA	NA	NA	0.00783492065800391	-0.241	0.6436666666666667	0.8846666666666667	914	NA	NA	NA	NA	182717015	182717072	182718156	182718290	NA	NA	NA	NA	NA	NA	NA	182717015	182718290	3,0,9,4,0,0	55,96,94,49,54,44	56,116,81,61,67,80	12,24,3,1,4,1	NA	NA	NA	NA	NA
3047	ENSG00000170445.16	HARS1	chr5	-	NA	NA	NA	NA	NA	NA	3047	1276,1277,1582	198,191,232	1230,1591,1557	87,145,107	1669	149	4.98642238611e-10	1.85313588312888e-8	0.365,0.374,0.378	0.558,0.495,0.565	-0.167	NA	NA	NA	NA	RI	chr5|-|140675016|140676896|140675016|140675133|140676653|140676896	1.85313588312888e-8	-0.167	0.37233333333333335	0.5393333333333333	9473	NA	NA	NA	NA	140675016	140675133	140676653	140676896	NA	NA	NA	NA	NA	NA	NA	140675016	140676896	113,188,198,210,218,248	127,118,161,98,94,107	1036,971,1223,922,1279,1202	198,191,232,87,145,107	NA	NA	NA	NA	NA	3047	chr5	-	NA	NA	NA	NA	NA	NA	3047	1072,1377,1751	211,239,295	1167,1318,1173	85,128,143	1669	149	2.1515403017e-6	2.9462929437565303e-5	0.312,0.34,0.346	0.551,0.479,0.423	-0.152	NA	NA	NA	NA	2.9462929437565303e-5	-0.152	0.33266666666666667	0.48433333333333334	8959	NA	NA	NA	NA	140675016	140675133	140676653	140676896	NA	NA	NA	NA	NA	NA	NA	140675016	140676896	159,181,176,159,233,160	43,119,169,119,98,91	870,1077,1406,889,987,922	211,239,295,85,128,143	NA	NA	NA	NA	NA
3084	ENSG00000130304.17	SLC27A1	chr19	+	NA	NA	NA	NA	NA	NA	3084	48,26,25	16,0,1	12,20,68	0,0,0	365	149	1.24332553783e-5	1.3446335446161e-4	0.55,1.0,0.911	1.0,1.0,1.0	-0.18	NA	NA	NA	NA	RI	chr19|+|17486562|17487335|17486562|17486957|17487173|17487335	1.3446335446161e-4	-0.18	0.8203333333333334	1	216	NA	NA	NA	NA	17486562	17486957	17487173	17487335	NA	NA	NA	NA	NA	NA	NA	17486562	17487335	21,5,4,6,5,1	22,17,16,6,15,66	5,4,5,0,0,1	16,0,1,0,0,0	NA	NA	NA	NA	NA	3084	chr19	+	NA	NA	NA	NA	NA	NA	3084	31,25,78	0,0,2	39,43,36	2,0,10	365	149	3.73319471654e-4	0.00231703626856989	1.0,1.0,0.941	0.888,1.0,0.595	0.153	NA	NA	NA	NA	0.00231703626856989	0.153	0.9803333333333333	0.8276666666666667	266	NA	NA	NA	NA	17486562	17486957	17487173	17487335	NA	NA	NA	NA	NA	NA	NA	17486562	17487335	17,11,14,35,25,9	12,12,53,4,18,21	2,2,11,0,0,6	0,0,2,2,0,10	NA	NA	NA	NA	NA
3104	ENSG00000011243.19	AKAP8L	chr19	-	NA	NA	NA	NA	NA	NA	3104	1033,1160,1121	251,222,276	1325,1128,1416	85,115,169	1033	149	5.59747803663e-10	2.0190432541538328e-8	0.373,0.43,0.369	0.692,0.586,0.547	-0.218	NA	NA	NA	NA	RI	chr19|-|15397713|15400358|15397713|15399410|15400294|15400358	2.0190432541538328e-8	-0.218	0.39066666666666666	0.6083333333333333	8301	NA	NA	NA	NA	15397713	15399410	15400294	15400358	NA	NA	NA	NA	NA	NA	NA	15397713	15400358	109,143,164,128,121,144	281,291,260,401,295,424	643,726,697,796,712,848	251,222,276,85,115,169	NA	NA	NA	NA	NA	3104	chr19	-	NA	NA	NA	NA	NA	NA	3104	1140,1314,1561	208,199,332	1202,1180,1263	106,158,135	1033	149	1.52563260221e-5	1.5803250917231e-4	0.442,0.488,0.404	0.621,0.519,0.574	-0.127	NA	NA	NA	NA	1.5803250917231e-4	-0.127	0.44466666666666665	0.5713333333333334	8798	NA	NA	NA	NA	15397713	15399410	15400294	15400358	NA	NA	NA	NA	NA	NA	NA	15397713	15400358	177,190,224,116,178,184	304,284,362,287,251,297	659,840,975,799,751,782	208,199,332,106,158,135	NA	NA	NA	NA	NA
3172	ENSG00000138095.20	LRPPRC	chr2	-	NA	NA	NA	NA	NA	NA	3172	1278,1153,1329	245,267,356	1418,1618,2213	155,237,293	1863	149	7.33717864243e-9	2.0358180739991296e-07	0.294,0.257,0.23	0.423,0.353,0.377	-0.124	NA	NA	NA	NA	RI	chr2|-|43899465|43901524|43899465|43899605|43901319|43901524	2.0358180739991296e-07	-0.124	0.2603333333333333	0.3843333333333333	10562	NA	NA	NA	NA	43899465	43899605	43901319	43901524	NA	NA	NA	NA	NA	NA	NA	43899465	43901524	457,323,351,419,398,656	59,89,80,123,86,112	762,741,898,876,1134,1445	245,267,356,155,237,293	NA	NA	NA	NA	NA	3172	chr2	-	NA	NA	NA	NA	NA	NA	3172	774,1297,1383	167,310,286	1476,1563,1922	216,137,167	1863	149	4.02339090932e-8	9.192375598367852e-7	0.27,0.251,0.279	0.353,0.477,0.479	-0.17	NA	NA	NA	NA	9.192375598367852e-7	-0.17	0.26666666666666666	0.4363333333333333	9698	NA	NA	NA	NA	43899465	43899605	43901319	43901524	NA	NA	NA	NA	NA	NA	NA	43899465	43901524	230,357,454,404,447,562	58,75,143,83,95,116	486,865,786,989,1021,1244	167,310,286,216,137,167	NA	NA	NA	NA	NA
3174	ENSG00000138095.20	LRPPRC	chr2	-	NA	NA	NA	NA	NA	NA	3174	761,636,617	78,67,80	1386,1126,1525	84,40,100	3238	149	1.03594540543e-5	1.1466457086817e-4	0.31,0.304,0.262	0.432,0.564,0.412	-0.177	NA	NA	NA	NA	RI	chr2|-|43957384|43960634|43957384|43957451|43960540|43960634	1.1466457086817e-4	-0.177	0.292	0.4693333333333333	6500	NA	NA	NA	NA	43957384	43957451	43960540	43960634	NA	NA	NA	NA	NA	NA	NA	43957384	43960634	69,62,17,78,45,79	69,34,17,71,35,70	623,540,583,1237,1046,1376	78,67,80,84,40,100	NA	NA	NA	NA	NA	3174	chr2	-	NA	NA	NA	NA	NA	NA	3174	506,760,578	56,134,104	1284,1207,1144	47,88,83	3238	149	2.43539978184e-7	4.525347471548234e-6	0.294,0.207,0.204	0.557,0.387,0.388	-0.209	NA	NA	NA	NA	4.525347471548234e-6	-0.209	0.235	0.444	5991	NA	NA	NA	NA	43957384	43957451	43960540	43960634	NA	NA	NA	NA	NA	NA	NA	43957384	43960634	23,46,14,60,57,50	40,36,30,64,75,24	443,678,534,1160,1075,1070	56,134,104,47,88,83	NA	NA	NA	NA	NA
3238	ENSG00000141551.15	CSNK1D	chr17	-	NA	NA	NA	NA	NA	NA	3238	5312,4992,4968	366,411,433	4232,4269,4282	178,210,196	2984	149	1.12555631482e-8	2.8980174220249205e-7	0.42,0.378,0.364	0.543,0.504,0.522	-0.136	NA	NA	NA	NA	RI	chr17|-|82245975|82249014|82245975|82246039|82248874|82249014	2.8980174220249205e-7	-0.136	0.3873333333333333	0.523	29849	NA	NA	NA	NA	82245975	82246039	82248874	82249014	NA	NA	NA	NA	NA	NA	NA	82245975	82249014	284,218,156,145,150,195	172,113,169,162,118,135	4856,4661,4643,3925,4001,3952	366,411,433,178,210,196	NA	NA	NA	NA	NA	3238	chr17	-	NA	NA	NA	NA	NA	NA	3238	3853,4826,5212	394,386,451	3982,3898,3474	193,252,185	2984	149	6.64779967852e-7	1.0705616602288606e-5	0.328,0.384,0.366	0.507,0.436,0.484	-0.116	NA	NA	NA	NA	1.0705616602288606e-5	-0.116	0.35933333333333334	0.4756666666666667	27106	NA	NA	NA	NA	82245975	82246039	82248874	82249014	NA	NA	NA	NA	NA	NA	NA	82245975	82249014	140,215,121,156,103,111	131,122,137,143,114,98	3582,4489,4954,3683,3681,3265	394,386,451,193,252,185	NA	NA	NA	NA	NA
3316	ENSG00000181163.14	NPM1	chr5	+	NA	NA	NA	NA	NA	NA	3316	4490,4077,5381	399,360,535	5024,5523,7516	265,322,454	2445	149	2.49657913676e-7	4.556256924587e-6	0.407,0.408,0.38	0.536,0.511,0.502	-0.118	NA	NA	NA	NA	RI	chr5|+|171405301|171407774|171405301|171405403|171407699|171407774	4.556256924587e-6	-0.118	0.3983333333333333	0.5163333333333333	34346	NA	NA	NA	NA	171405301	171405403	171407699	171407774	NA	NA	NA	NA	NA	NA	NA	171405301	171407774	126,92,155,175,128,228	254,186,260,202,240,402	4110,3799,4966,4647,5155,6886	399,360,535,265,322,454	NA	NA	NA	NA	NA	3316	chr5	+	NA	NA	NA	NA	NA	NA	3316	2991,4275,4854	341,496,524	4913,5445,5990	263,294,460	2445	149	5.35755495523e-9	1.4573997466051337e-7	0.348,0.344,0.361	0.532,0.53,0.442	-0.15	NA	NA	NA	NA	1.4573997466051337e-7	-0.15	0.351	0.5013333333333334	30846	NA	NA	NA	NA	171405301	171405403	171407699	171407774	NA	NA	NA	NA	NA	NA	NA	171405301	171407774	75,124,113,159,205,182	214,203,199,201,358,333	2702,3948,4542,4553,4882,5475	341,496,524,263,294,460	NA	NA	NA	NA	NA
3342	ENSG00000153187.21	HNRNPU	chr1	-	NA	NA	NA	NA	NA	NA	3342	3098,2736,3106	304,232,315	5124,4679,6523	151,150,203	2135	149	0	0	0.416,0.451,0.408	0.703,0.685,0.692	-0.268	NA	NA	NA	NA	RI	chr1|-|244860334|244862534|244860334|244860474|244862460|244862534	0	-0.268	0.425	0.6933333333333334	26621	NA	NA	NA	NA	244860334	244860474	244862460	244862534	NA	NA	NA	NA	NA	NA	NA	244860334	244862534	429,336,442,625,606,879	161,89,127,258,214,263	2508,2311,2537,4241,3859,5381	304,232,315,151,150,203	NA	NA	NA	NA	NA	3342	chr1	-	NA	NA	NA	NA	NA	NA	3342	1858,2505,3018	273,291,410	4677,4138,4392	164,131,207	2135	149	0	0	0.322,0.375,0.339	0.666,0.688,0.597	-0.305	NA	NA	NA	NA	0	-0.305	0.3453333333333333	0.6503333333333333	22064	NA	NA	NA	NA	244860334	244860474	244862460	244862534	NA	NA	NA	NA	NA	NA	NA	244860334	244862534	230,324,451,573,465,557	85,131,171,262,154,164	1543,2050,2396,3842,3519,3671	273,291,410,164,131,207	NA	NA	NA	NA	NA
3356	ENSG00000145020.16	AMT	chr3	-	NA	NA	NA	NA	NA	NA	3356	34,30,46	10,0,0	28,40,41	0,0,0	238	149	4.77350940164e-4	0.00303014075060626	0.68,1.0,1.0	1.0,1.0,1.0	-0.107	NA	NA	NA	NA	RI	chr3|-|49422103|49422451|49422103|49422271|49422360|49422451	0.00303014075060626	-0.107	0.8933333333333333	1	229	NA	NA	NA	NA	49422103	49422271	49422360	49422451	NA	NA	NA	NA	NA	NA	NA	49422103	49422451	25,24,30,18,34,28	10,6,20,12,6,13	0,0,0,0,0,0	10,0,0,0,0,0	NA	NA	NA	NA	NA	3356	chr3	-	NA	NA	NA	NA	NA	NA	3356	40,24,45	7,0,10	12,29,57	0,0,0	238	149	4.68513197238e-7	7.992517508814357e-6	0.782,1.0,0.738	1.0,1.0,1.0	-0.16	NA	NA	NA	NA	7.992517508814357e-6	-0.16	0.84	1	224	NA	NA	NA	NA	49422103	49422271	49422360	49422451	NA	NA	NA	NA	NA	NA	NA	49422103	49422451	37,15,40,6,22,33	3,9,10,6,10,26	0,0,0,0,0,0	7,0,10,0,0,0	NA	NA	NA	NA	NA
3425	ENSG00000132141.14	CCT6B	chr17	-	NA	NA	NA	NA	NA	NA	3425	0,0,17	1,9,10	21,11,17	6,1,8	435	149	0.00109604036973	0.00597946578930992	0.0,0.0,0.368	0.545,0.79,0.421	-0.463	NA	NA	NA	NA	RI	chr17|-|34939182|34939713|34939182|34939330|34939616|34939713	0.00597946578930992	-0.463	0.12266666666666667	0.5853333333333334	101	NA	NA	NA	NA	34939182	34939330	34939616	34939713	NA	NA	NA	NA	NA	NA	NA	34939182	34939713	0,0,0,3,0,5	0,0,14,10,5,2	0,0,3,8,6,10	1,9,10,6,1,8	NA	NA	NA	NA	NA	3425	chr17	-	NA	NA	NA	NA	NA	NA	3425	0,0,11	2,15,12	12,32,28	11,10,22	435	149	2.18342002485e-4	0.00146833780958453	0.0,0.0,0.239	0.272,0.523,0.304	-0.287	NA	NA	NA	NA	0.00146833780958453	-0.287	0.07966666666666666	0.36633333333333334	155	NA	NA	NA	NA	34939182	34939330	34939616	34939713	NA	NA	NA	NA	NA	NA	NA	34939182	34939713	0,0,1,0,4,0	0,0,0,10,18,4	0,0,10,2,10,24	2,15,12,11,10,22	NA	NA	NA	NA	NA
3563	ENSG00000117632.23	STMN1	chr1	-	NA	NA	NA	NA	NA	NA	3563	1111,1316,1795	81,89,78	1293,1470,2556	58,40,91	2107	149	0.00146844033416	0.00757315065523054	0.492,0.511,0.619	0.612,0.722,0.665	-0.126	NA	NA	NA	NA	RI	chr1|-|25901490|25903813|25901490|25901682|25903640|25903813	0.00757315065523054	-0.126	0.5406666666666666	0.6663333333333333	9978	NA	NA	NA	NA	25901490	25901682	25903640	25903813	NA	NA	NA	NA	NA	NA	NA	25901490	25903813	87,104,105,128,104,291	81,36,58,56,78,109	943,1176,1632,1109,1288,2156	81,89,78,58,40,91	NA	NA	NA	NA	NA	3563	chr1	-	NA	NA	NA	NA	NA	NA	3563	790,1139,1687	65,71,125	1546,1283,1930	42,36,63	2107	149	1.57440727122e-11	7.32719564409758e-10	0.462,0.531,0.488	0.722,0.716,0.684	-0.214	NA	NA	NA	NA	7.32719564409758e-10	-0.214	0.4936666666666667	0.7073333333333334	8777	NA	NA	NA	NA	25901490	25901682	25903640	25903813	NA	NA	NA	NA	NA	NA	NA	25901490	25903813	129,79,190,65,116,198	26,47,81,72,59,50	635,1013,1416,1409,1108,1682	65,71,125,42,36,63	NA	NA	NA	NA	NA
3601	ENSG00000119707.14	RBM25	chr14	+	NA	NA	NA	NA	NA	NA	3601	12105,9951,11925	140,166,267	13959,12810,18646	46,32,81	3590	149	0	0	0.782,0.713,0.65	0.926,0.943,0.905	-0.21	NA	NA	NA	NA	RI	chr14|+|73099666|73103478|73099666|73099750|73103191|73103478	0	-0.21	0.715	0.9246666666666666	80128	NA	NA	NA	NA	73099666	73099750	73103191	73103478	NA	NA	NA	NA	NA	NA	NA	73099666	73103478	485,250,311,429,304,458	889,895,1199,1140,1178,1634	10731,8806,10415,12390,11328,16554	140,166,267,46,32,81	NA	NA	NA	NA	NA	3601	chr14	+	NA	NA	NA	NA	NA	NA	3601	7616,9095,11774	102,249,176	13491,12380,13039	54,84,50	3590	149	3.33066907388e-16	3.35231842286022e-14	0.756,0.603,0.735	0.912,0.859,0.915	-0.197	NA	NA	NA	NA	3.35231842286022e-14	-0.197	0.698	0.8953333333333333	68110	NA	NA	NA	NA	73099666	73099750	73103191	73103478	NA	NA	NA	NA	NA	NA	NA	73099666	73103478	232,212,303,339,352,300	791,973,1262,1276,1158,1287	6593,7910,10209,11876,10870,11452	102,249,176,54,84,50	NA	NA	NA	NA	NA
3658	ENSG00000072274.14	TFRC	chr3	-	NA	NA	NA	NA	NA	NA	3658	249,202,163	114,123,83	513,317,522	162,66,106	1976	149	1.60680935224e-9	5.158615155987267e-8	0.141,0.11,0.129	0.193,0.266,0.271	-0.117	NA	NA	NA	NA	RI	chr3|-|196069454|196071498|196069454|196069568|196071395|196071498	5.158615155987267e-8	-0.117	0.12666666666666665	0.24333333333333335	2620	NA	NA	NA	NA	196069454	196069568	196071395	196071498	NA	NA	NA	NA	NA	NA	NA	196069454	196071498	17,17,20,46,41,68	24,21,31,45,17,51	208,164,112,422,259,403	114,123,83,162,66,106	NA	NA	NA	NA	NA	3658	chr3	-	NA	NA	NA	NA	NA	NA	3658	241,182,263	87,200,110	553,240,419	84,108,77	1976	149	5.49491095514e-6	6.650053558735564e-5	0.173,0.064,0.153	0.332,0.144,0.291	-0.126	NA	NA	NA	NA	6.650053558735564e-5	-0.126	0.13	0.25566666666666665	2564	NA	NA	NA	NA	196069454	196069568	196071395	196071498	NA	NA	NA	NA	NA	NA	NA	196069454	196071498	38,26,26,33,33,54	25,27,22,94,17,58	178,129,215,426,190,307	87,200,110,84,108,77	NA	NA	NA	NA	NA
3691	ENSG00000136068.16	FLNB	chr3	+	NA	NA	NA	NA	NA	NA	3691	759,543,937	79,115,197	807,665,1067	53,61,75	2048	149	3.6557673134299998e-06	4.810550464796729e-5	0.411,0.256,0.257	0.526,0.442,0.509	-0.184	NA	NA	NA	NA	RI	chr3|+|58130740|58132931|58130740|58130908|58132807|58132931	4.810550464796729e-5	-0.184	0.308	0.49233333333333335	5358	NA	NA	NA	NA	58130740	58130908	58132807	58132931	NA	NA	NA	NA	NA	NA	NA	58130740	58132931	47,14,26,31,13,17	85,60,100,76,58,130	627,469,811,700,594,920	79,115,197,53,61,75	NA	NA	NA	NA	NA	3691	chr3	+	NA	NA	NA	NA	NA	NA	3691	575,711,1064	189,200,171	846,804,880	38,44,66	2048	149	0	0	0.181,0.205,0.312	0.618,0.571,0.492	-0.328	NA	NA	NA	NA	0	-0.328	0.23266666666666666	0.56033333333333335	5588	NA	NA	NA	NA	58130740	58130908	58132807	58132931	NA	NA	NA	NA	NA	NA	NA	58130740	58132931	6,19,33,26,25,29	59,63,121,80,82,124	510,629,910,740,697,727	189,200,171,38,44,66	NA	NA	NA	NA	NA
3876	ENSG00000175110.14	MRPS22	chr3	+	NA	NA	NA	NA	NA	NA	3876	585,420,443	69,32,55	508,399,667	18,32,30	2003	149	0.00132498329937	0.00693242115335907	0.387,0.494,0.375	0.677,0.481,0.623	-0.175	NA	NA	NA	NA	RI	chr3|+|139348159|139351060|139348159|139348324|139350178|139351060	0.00693242115335907	-0.175	0.4186666666666667	0.5936666666666667	3258	NA	NA	NA	NA	139348159	139348324	139350178	139351060	NA	NA	NA	NA	NA	NA	NA	139348159	139351060	71,17,52,23,28,21	66,61,50,21,30,64	448,342,341,464,341,582	69,32,55,18,32,30	NA	NA	NA	NA	NA	3876	chr3	+	NA	NA	NA	NA	NA	NA	3876	255,363,463	26,83,53	411,494,502	5,25,36	2003	149	1.9623072928e-4	0.00134054001597502	0.422,0.245,0.394	0.859,0.595,0.509	-0.301	NA	NA	NA	NA	0.00134054001597502	-0.301	0.3536666666666667	0.6543333333333333	2716	NA	NA	NA	NA	139348159	139348324	139350178	139351060	NA	NA	NA	NA	NA	NA	NA	139348159	139351060	4,28,32,19,12,28	50,17,37,56,28,30	201,318,394,336,454,444	26,83,53,5,25,36	NA	NA	NA	NA	NA
3992	ENSG00000135297.17	MTO1	chr6	+	NA	NA	NA	NA	NA	NA	3992	27,36,29	8,0,0	17,36,33	0,0,0	315	149	0.00169465999483	0.00850380940122549	0.615,1.0,1.0	1.0,1.0,1.0	-0.128	NA	NA	NA	NA	RI	chr6|+|73479935|73480367|73479935|73480126|73480292|73480367	0.00850380940122549	-0.128	0.8716666666666667	1	186	NA	NA	NA	NA	73479935	73480126	73480292	73480367	NA	NA	NA	NA	NA	NA	NA	73479935	73480367	8,9,16,3,4,16	4,19,8,3,6,11	15,8,5,11,26,6	8,0,0,0,0,0	NA	NA	NA	NA	NA	3992	chr6	+	NA	NA	NA	NA	NA	NA	3992	21,39,47	7,0,12	39,38,10	0,0,0	315	149	4.22616926232e-7	7.312847041590396e-6	0.587,1.0,0.649	1.0,1.0,1.0	-0.255	NA	NA	NA	NA	7.312847041590396e-6	-0.255	0.7453333333333333	1	213	NA	NA	NA	NA	73479935	73480126	73480292	73480367	NA	NA	NA	NA	NA	NA	NA	73479935	73480367	5,14,24,17,8,8	16,19,10,2,7,2	0,6,13,20,23,0	7,0,12,0,0,0	NA	NA	NA	NA	NA
4019	ENSG00000119977.22	TCTN3	chr10	-	NA	NA	NA	NA	NA	NA	4019	17,20,33	16,41,9	16,19,37	0,2,1	490	149	6.68582633701e-9	1.8720313743628e-7	0.244,0.129,0.527	1.0,0.743,0.918	-0.587	NA	NA	NA	NA	RI	chr10|-|95683100|95683629|95683100|95683180|95683521|95683629	1.8720313743628e-7	-0.587	0.3	0.887	211	NA	NA	NA	NA	95683100	95683180	95683521	95683629	NA	NA	NA	NA	NA	NA	NA	95683100	95683629	9,5,13,11,10,13	3,0,0,0,4,7	5,15,20,5,5,17	16,41,9,0,2,1	NA	NA	NA	NA	NA	4019	chr10	-	NA	NA	NA	NA	NA	NA	4019	16,26,9	6,20,4	10,17,14	0,0,0	490	149	9.27036225562e-12	4.478697412935134e-10	0.448,0.283,0.406	1.0,1.0,1.0	-0.621	NA	NA	NA	NA	4.478697412935134e-10	-0.621	0.379	1	122	NA	NA	NA	NA	95683100	95683180	95683521	95683629	NA	NA	NA	NA	NA	NA	NA	95683100	95683629	4,1,0,7,10,11	0,10,2,0,2,0	12,15,7,3,5,3	6,20,4,0,0,0	NA	NA	NA	NA	NA
4036	ENSG00000072110.16	ACTN1	chr14	-	NA	NA	NA	NA	NA	NA	4036	3596,2501,3586	423,362,394	4006,3562,4474	241,193,295	1897	149	5.5622173533699996e-14	4.547668908115312e-12	0.4,0.352,0.417	0.566,0.592,0.544	-0.178	NA	NA	NA	NA	RI	chr14|-|68877081|68879069|68877081|68877240|68878988|68879069	4.547668908115312e-12	-0.178	0.38966666666666666	0.5673333333333334	23633	NA	NA	NA	NA	68877081	68877240	68878988	68879069	NA	NA	NA	NA	NA	NA	NA	68877081	68879069	341,240,304,321,297,298	166,50,119,129,165,163	3089,2211,3163,3556,3100,4013	423,362,394,241,193,295	NA	NA	NA	NA	NA	4036	chr14	-	NA	NA	NA	NA	NA	NA	4036	2905,2710,3929	516,534,526	3511,3004,3512	226,122,227	1897	149	0	0	0.307,0.285,0.37	0.55,0.659,0.549	-0.265	NA	NA	NA	NA	0	-0.265	0.32066666666666666	0.5860000000000001	21722	NA	NA	NA	NA	68877081	68877240	68878988	68879069	NA	NA	NA	NA	NA	NA	NA	68877081	68879069	218,231,280,268,309,335	119,103,125,153,135,113	2568,2376,3524,3090,2560,3064	516,534,526,226,122,227	NA	NA	NA	NA	NA
4172	ENSG00000095066.12	HOOK2	chr19	-	NA	NA	NA	NA	NA	NA	4172	14,3,6	25,16,23	11,29,18	25,15,15	219	149	0.00615074683687	0.02405381352275946	0.276,0.113,0.151	0.23,0.568,0.449	-0.236	NA	NA	NA	NA	RI	chr19|-|12774668|12774897|12774668|12774741|12774811|12774897	0.02405381352275946	-0.236	0.18	0.41566666666666663	200	NA	NA	NA	NA	12774668	12774741	12774811	12774897	NA	NA	NA	NA	NA	NA	NA	12774668	12774897	14,2,6,10,19,17	11,3,0,2,16,8	0,0,0,0,0,0	25,16,23,25,15,15	NA	NA	NA	NA	NA	4172	chr19	-	NA	NA	NA	NA	NA	NA	4172	7,20,42	21,13,23	7,8,5	28,18,10	219	149	0.0099252225395	0.03511330926540158	0.185,0.511,0.554	0.145,0.232,0.254	0.206	NA	NA	NA	NA	0.03511330926540158	0.206	0.4166666666666667	0.21033333333333334	202	NA	NA	NA	NA	12774668	12774741	12774811	12774897	NA	NA	NA	NA	NA	NA	NA	12774668	12774897	7,20,24,6,2,2	5,2,19,2,7,5	0,0,0,0,0,0	21,13,23,28,18,10	NA	NA	NA	NA	NA
4322	ENSG00000096080.12	MRPS18A	chr6	-	NA	NA	NA	NA	NA	NA	4322	12,0,16	31,25,42	13,21,31	33,16,44	371	149	0.00262890251485	0.01216636243098883	0.135,0.0,0.133	0.137,0.345,0.221	-0.145	NA	NA	NA	NA	RI	chr6|-|43675201|43675617|43675201|43675271|43675493|43675617	0.01216636243098883	-0.145	0.08933333333333333	0.23433333333333334	284	NA	NA	NA	NA	43675201	43675271	43675493	43675617	NA	NA	NA	NA	NA	NA	NA	43675201	43675617	0,0,16,0,3,6	12,0,0,2,18,20	0,0,0,11,0,5	31,25,42,33,16,44	NA	NA	NA	NA	NA	4322	chr6	-	NA	NA	NA	NA	NA	NA	4322	12,20,5	21,14,10	10,4,8	51,18,27	371	149	5.36838567778e-4	0.00314144196784044	0.187,0.365,0.167	0.073,0.082,0.106	0.153	NA	NA	NA	NA	0.00314144196784044	0.153	0.23966666666666667	0.087	200	NA	NA	NA	NA	43675201	43675271	43675493	43675617	NA	NA	NA	NA	NA	NA	NA	43675201	43675617	6,0,0,6,0,1	6,15,5,2,4,7	0,5,0,2,0,0	21,14,10,51,18,27	NA	NA	NA	NA	NA
4349	ENSG00000184840.12	TMED9	chr5	+	NA	NA	NA	NA	NA	NA	4349	141,210,211	95,228,207	138,150,147	41,83,97	512	149	0.00117041649671	0.00629635957676526	0.302,0.211,0.229	0.495,0.345,0.306	-0.135	NA	NA	NA	NA	RI	chr5|+|177593649|177594285|177593649|177593775|177594138|177594285	0.00629635957676526	-0.135	0.24733333333333332	0.382	1748	NA	NA	NA	NA	177593649	177593775	177594138	177594285	NA	NA	NA	NA	NA	NA	NA	177593649	177594285	9,22,37,15,16,12	9,42,13,16,15,24	123,146,161,107,119,111	95,228,207,41,83,97	NA	NA	NA	NA	NA	4349	chr5	+	NA	NA	NA	NA	NA	NA	4349	170,204,328	96,342,229	154,229,182	46,56,161	512	149	0.00914091490105	0.03291710500145554	0.34,0.148,0.294	0.493,0.543,0.248	-0.167	NA	NA	NA	NA	0.03291710500145554	-0.167	0.26066666666666666	0.428	2197	NA	NA	NA	NA	177593649	177593775	177594138	177594285	NA	NA	NA	NA	NA	NA	NA	177593649	177594285	4,20,57,6,13,11	42,44,24,26,36,47	124,140,247,122,180,124	96,342,229,46,56,161	NA	NA	NA	NA	NA
4490	ENSG00000184661.14	CDCA2	chr8	+	NA	NA	NA	NA	NA	NA	4490	2,5,2	31,26,30	4,6,5	12,4,16	232	149	0.00280420379017	0.0128419549225709	0.04,0.11,0.041	0.176,0.491,0.167	-0.214	NA	NA	NA	NA	RI	chr8|+|25460239|25460554|25460239|25460300|25460383|25460554	0.0128419549225709	-0.214	0.06366666666666666	0.278	143	NA	NA	NA	NA	25460239	25460300	25460383	25460554	NA	NA	NA	NA	NA	NA	NA	25460239	25460554	0,1,2,4,6,3	2,5,0,0,6,2	0,0,0,0,0,0	31,26,30,12,4,16	NA	NA	NA	NA	NA	4490	chr8	+	NA	NA	NA	NA	NA	NA	4490	30,7,17	76,7,9	4,5,7	36,21,9	232	149	0.0107598775918	0.0376471035787255	0.202,0.391,0.548	0.067,0.133,0.333	0.203	NA	NA	NA	NA	0.0376471035787255	0.203	0.38033333333333336	0.17766666666666667	228	NA	NA	NA	NA	25460239	25460300	25460383	25460554	NA	NA	NA	NA	NA	NA	NA	25460239	25460554	10,4,7,4,0,5	30,6,11,0,5,4	0,0,0,0,0,0	76,7,9,36,21,9	NA	NA	NA	NA	NA
4615	ENSG00000115524.17	SF3B1	chr2	-	NA	NA	NA	NA	NA	NA	4615	1943,1487,1976	137,153,146	2856,2407,3308	52,51,143	1988	149	1.99480765239e-10	8.10076855924204e-9	0.515,0.421,0.504	0.805,0.78,0.634	-0.26	NA	NA	NA	NA	RI	chr2|-|197418508|197420542|197418508|197418588|197420427|197420542	8.10076855924204e-9	-0.26	0.48	0.7396666666666667	14659	NA	NA	NA	NA	197418508	197418588	197420427	197420542	NA	NA	NA	NA	NA	NA	NA	197418508	197420542	189,152,187,214,197,216	130,93,158,241,185,287	1624,1242,1631,2401,2025,2805	137,153,146,52,51,143	NA	NA	NA	NA	NA	4615	chr2	-	NA	NA	NA	NA	NA	NA	4615	1285,1424,1889	122,122,162	2722,1909,2360	112,61,85	1988	149	1.6209256159499997e-14	1.2390847841420316e-12	0.441,0.467,0.466	0.646,0.701,0.675	-0.216	NA	NA	NA	NA	1.2390847841420316e-12	-0.216	0.458	0.674	12253	NA	NA	NA	NA	197418508	197418588	197420427	197420542	NA	NA	NA	NA	NA	NA	NA	197418508	197420542	82,126,232,176,130,223	83,122,121,217,202,217	1120,1176,1536,2329,1577,1920	122,122,162,112,61,85	NA	NA	NA	NA	NA
4707	ENSG00000135047.16	CTSL	chr9	+	NA	NA	NA	NA	NA	NA	4707	607,648,857	39,68,86	806,856,1063	15,16,52	1344	149	6.99014903738e-8	1.4729757352994557e-6	0.633,0.514,0.525	0.856,0.856,0.694	-0.245	NA	NA	NA	NA	RI	chr9|+|87726212|87727729|87726212|87726398|87727593|87727729	1.4729757352994557e-6	-0.245	0.5573333333333333	0.8019999999999999	5113	NA	NA	NA	NA	87726212	87726398	87727593	87727729	NA	NA	NA	NA	NA	NA	NA	87726212	87727729	83,34,93,107,112,164	110,111,119,121,142,139	414,503,645,578,602,760	39,68,86,15,16,52	NA	NA	NA	NA	NA	4707	chr9	+	NA	NA	NA	NA	NA	NA	4707	551,608,789	22,112,75	744,736,929	21,34,34	1344	149	0.00277197191406	0.01248317553244469	0.735,0.376,0.538	0.797,0.706,0.752	-0.202	NA	NA	NA	NA	0.01248317553244469	-0.202	0.5496666666666666	0.7516666666666667	4655	NA	NA	NA	NA	87726212	87726398	87727593	87727729	NA	NA	NA	NA	NA	NA	NA	87726212	87727729	60,76,93,105,92,115	81,123,113,139,145,134	410,409,583,500,499,680	22,112,75,21,34,34	NA	NA	NA	NA	NA
4711	ENSG00000135047.16	CTSL	chr9	+	NA	NA	NA	NA	NA	NA	4711	594,503,714	319,594,524	748,732,904	208,265,409	912	149	1.0484196844e-9	3.558132668043514e-8	0.233,0.122,0.182	0.37,0.311,0.265	-0.136	NA	NA	NA	NA	RI	chr9|+|87728584|87729735|87728584|87728809|87729572|87729735	3.558132668043514e-8	-0.136	0.179	0.31533333333333335	6514	NA	NA	NA	NA	87728584	87728809	87729572	87729735	NA	NA	NA	NA	NA	NA	NA	87728584	87729735	129,178,275,173,156,296	113,65,113,129,163,120	352,260,326,446,413,488	319,594,524,208,265,409	NA	NA	NA	NA	NA	4711	chr9	+	NA	NA	NA	NA	NA	NA	4711	489,599,675	282,841,448	540,581,753	158,199,253	912	149	4.7184478546599994e-14	3.26089155678075e-12	0.221,0.104,0.198	0.358,0.323,0.327	-0.162	NA	NA	NA	NA	3.26089155678075e-12	-0.162	0.17433333333333334	0.336	5818	NA	NA	NA	NA	87728584	87728809	87729572	87729735	NA	NA	NA	NA	NA	NA	NA	87728584	87729735	200,184,152,148,125,214	77,112,73,102,118,138	212,303,450,290,338,401	282,841,448,158,199,253	NA	NA	NA	NA	NA
4759	ENSG00000127948.17	POR	chr7	+	NA	NA	NA	NA	NA	NA	4759	43,54,62	64,71,119	44,36,83	51,30,43	244	149	0.00151814341098	0.00778365835796769	0.291,0.317,0.241	0.345,0.423,0.541	-0.153	NA	NA	NA	NA	RI	chr7|+|75986158|75986855|75986158|75986241|75986336|75986855	0.00778365835796769	-0.153	0.283	0.43633333333333335	700	NA	NA	NA	NA	75986158	75986241	75986336	75986855	NA	NA	NA	NA	NA	NA	NA	75986158	75986855	20,42,39,32,23,48	25,27,34,25,23,51	0,0,0,0,0,0	64,71,119,51,30,43	NA	NA	NA	NA	NA	4759	chr7	+	NA	NA	NA	NA	NA	NA	4759	12,49,96	98,83,127	49,61,65	62,37,46	244	149	1.9564482325e-4	0.00133805106184229	0.07,0.265,0.316	0.326,0.502,0.463	-0.213	NA	NA	NA	NA	0.00133805106184229	-0.213	0.217	0.43033333333333335	785	NA	NA	NA	NA	75986158	75986241	75986336	75986855	NA	NA	NA	NA	NA	NA	NA	75986158	75986855	4,36,68,34,35,44	8,24,54,33,28,38	0,0,0,0,0,0	98,83,127,62,37,46	NA	NA	NA	NA	NA
4842	ENSG00000117394.24	SLC2A1	chr1	-	NA	NA	NA	NA	NA	NA	4842	58,32,51	63,63,76	113,103,144	27,49,63	427	149	2.29442687072e-10	9.13599063068509e-9	0.243,0.151,0.19	0.594,0.423,0.444	-0.292	NA	NA	NA	NA	RI	chr1|-|42929209|42929780|42929209|42929314|42929592|42929780	9.13599063068509e-9	-0.292	0.19466666666666665	0.487	842	NA	NA	NA	NA	42929209	42929314	42929592	42929780	NA	NA	NA	NA	NA	NA	NA	42929209	42929780	7,5,5,24,23,28	5,3,4,8,6,15	46,24,42,81,74,101	63,63,76,27,49,63	NA	NA	NA	NA	NA	4842	chr1	-	NA	NA	NA	NA	NA	NA	4842	32,20,76	38,99,44	75,45,178	36,23,29	427	149	5.71987311812e-5	4.7737205370217e-4	0.227,0.066,0.376	0.421,0.406,0.682	-0.28	NA	NA	NA	NA	4.7737205370217e-4	-0.28	0.223	0.503	695	NA	NA	NA	NA	42929209	42929314	42929592	42929780	NA	NA	NA	NA	NA	NA	NA	42929209	42929780	9,5,5,22,26,33	1,10,6,11,2,12	22,5,65,42,17,133	38,99,44,36,23,29	NA	NA	NA	NA	NA
5111	ENSG00000133226.19	SRRM1	chr1	+	NA	NA	NA	NA	NA	NA	5111	1438,1105,1230	152,258,277	1388,1183,1637	103,114,60	2218	149	2.60635280549e-5	2.5987244558153e-4	0.389,0.223,0.23	0.475,0.411,0.647	-0.23	NA	NA	NA	NA	RI	chr1|+|24646666|24649029|24646666|24646789|24648858|24649029	2.5987244558153e-4	-0.23	0.2806666666666667	0.511	8945	NA	NA	NA	NA	24646666	24646789	24648858	24649029	NA	NA	NA	NA	NA	NA	NA	24646666	24649029	38,41,35,31,49,50	106,106,109,121,84,202	1294,958,1086,1236,1050,1385	152,258,277,103,114,60	NA	NA	NA	NA	NA	5111	chr1	+	NA	NA	NA	NA	NA	NA	5111	1154,1144,1327	140,227,282	1494,1339,1148	83,55,91	2218	149	1.16645693105e-10	4.458375573804398e-9	0.356,0.253,0.24	0.547,0.621,0.459	-0.259	NA	NA	NA	NA	4.458375573804398e-9	-0.259	0.283	0.5423333333333333	8484	NA	NA	NA	NA	24646666	24646789	24648858	24649029	NA	NA	NA	NA	NA	NA	NA	24646666	24649029	33,28,57,47,37,31	70,104,145,130,94,102	1051,1012,1125,1317,1208,1015	140,227,282,83,55,91	NA	NA	NA	NA	NA
5206	ENSG00000198563.14	DDX39B	chr6	-	NA	NA	NA	NA	NA	NA	5206	788,614,400	83,122,102	715,678,922	53,37,103	2604	149	1.3447361313e-4	0.00105177575983821	0.352,0.224,0.183	0.436,0.512,0.339	-0.176	NA	NA	NA	NA	RI	chr6|-|31532779|31535485|31532779|31532911|31535366|31535485	0.00105177575983821	-0.176	0.253	0.429	4617	NA	NA	NA	NA	31532779	31532911	31535366	31535485	NA	NA	NA	NA	NA	NA	NA	31532779	31535485	193,168,187,164,173,254	406,297,90,384,334,415	189,149,123,167,171,253	83,122,102,53,37,103	NA	NA	NA	NA	NA	5206	chr6	-	NA	NA	NA	NA	NA	NA	5206	631,797,1039	87,134,166	811,390,878	30,63,64	2604	149	0.0123639051627	0.04225558759340425	0.293,0.254,0.264	0.607,0.262,0.44	-0.166	NA	NA	NA	NA	0.04225558759340425	-0.166	0.2703333333333333	0.43633333333333335	5090	NA	NA	NA	NA	31532779	31532911	31535366	31535485	NA	NA	NA	NA	NA	NA	NA	31532779	31535485	126,197,279,238,226,238	349,415,479,386,78,382	156,185,281,187,86,258	87,134,166,30,63,64	NA	NA	NA	NA	NA
5232	ENSG00000084623.12	EIF3I	chr1	+	NA	NA	NA	NA	NA	NA	5232	162,85,167	159,178,162	435,441,570	245,170,207	437	149	1.37845290737e-11	6.708470815867331e-10	0.258,0.14,0.26	0.377,0.469,0.484	-0.224	NA	NA	NA	NA	RI	chr1|+|32224033|32224475|32224033|32224121|32224409|32224475	6.708470815867331e-10	-0.224	0.21933333333333335	0.4433333333333333	2981	NA	NA	NA	NA	32224033	32224121	32224409	32224475	NA	NA	NA	NA	NA	NA	NA	32224033	32224475	27,33,39,93,106,130	27,13,22,79,87,92	108,39,106,263,248,348	159,178,162,245,170,207	NA	NA	NA	NA	NA	5232	chr1	+	NA	NA	NA	NA	NA	NA	5232	145,172,180	94,154,224	434,357,349	210,169,255	437	149	9.00129271498e-4	0.00485346488444323	0.345,0.276,0.215	0.413,0.419,0.318	-0.105	NA	NA	NA	NA	0.00485346488444323	-0.105	0.2786666666666667	0.3833333333333333	2743	NA	NA	NA	NA	32224033	32224121	32224409	32224475	NA	NA	NA	NA	NA	NA	NA	32224033	32224475	30,27,46,134,48,48	29,38,32,58,71,109	86,107,102,242,238,192	94,154,224,210,169,255	NA	NA	NA	NA	NA
5243	ENSG00000182134.17	TDRKH	chr1	-	NA	NA	NA	NA	NA	NA	5243	30,56,39	2,0,5	11,25,26	0,0,0	334	149	0.00297022014485	0.01344161618318833	0.87,1.0,0.777	1.0,1.0,1.0	-0.118	NA	NA	NA	NA	RI	chr1|-|151773493|151774504|151773493|151774227|151774412|151774504	0.01344161618318833	-0.118	0.8823333333333333	1	194	NA	NA	NA	NA	151773493	151774227	151774412	151774504	NA	NA	NA	NA	NA	NA	NA	151773493	151774504	21,12,26,5,20,2	7,37,13,4,2,18	2,7,0,2,3,6	2,0,5,0,0,0	NA	NA	NA	NA	NA	5243	chr1	-	NA	NA	NA	NA	NA	NA	5243	29,31,44	10,0,3	22,11,5	0,0,0	334	149	2.0735825278e-5	2.0595994877276e-4	0.564,1.0,0.867	1.0,1.0,1.0	-0.19	NA	NA	NA	NA	2.0595994877276e-4	-0.19	0.81033333333333335	1	155	NA	NA	NA	NA	151773493	151774227	151774412	151774504	NA	NA	NA	NA	NA	NA	NA	151773493	151774504	14,15,20,11,9,3	12,12,24,11,2,2	3,4,0,0,0,0	10,0,3,0,0,0	NA	NA	NA	NA	NA
5317	ENSG00000116350.18	SRSF4	chr1	-	NA	NA	NA	NA	NA	NA	5317	1292,1149,1381	223,317,327	1408,1650,1893	170,245,335	1037	149	7.47362619522e-4	0.00440656498356625	0.454,0.342,0.378	0.543,0.492,0.448	-0.103	NA	NA	NA	NA	RI	chr1|-|29159373|29160517|29159373|29159486|29160374|29160517	0.00440656498356625	-0.103	0.39133333333333337	0.49433333333333335	10390	NA	NA	NA	NA	29159373	29159486	29160374	29160517	NA	NA	NA	NA	NA	NA	NA	29159373	29160517	481,347,540,622,732,623	194,188,232,108,202,288	617,614,609,678,716,982	223,317,327,170,245,335	NA	NA	NA	NA	NA	5317	chr1	-	NA	NA	NA	NA	NA	NA	5317	819,1134,1033	279,306,446	1394,1375,1340	170,134,272	1037	149	2.53112516502e-8	5.994299949629718e-7	0.297,0.347,0.25	0.541,0.596,0.414	-0.219	NA	NA	NA	NA	5.994299949629718e-7	-0.219	0.298	0.517	8702	NA	NA	NA	NA	29159373	29159486	29160374	29160517	NA	NA	NA	NA	NA	NA	NA	29159373	29160517	347,494,390,553,523,596	83,82,116,221,161,113	389,558,527,620,691,631	279,306,446,170,134,272	NA	NA	NA	NA	NA
5425	ENSG00000090621.15	PABPC4	chr1	-	NA	NA	NA	NA	NA	NA	5425	1065,959,984	514,565,634	2249,1960,2530	495,549,660	1104	149	0	0	0.219,0.186,0.173	0.38,0.325,0.341	-0.156	NA	NA	NA	NA	RI	chr1|-|39567750|39568939|39567750|39567846|39568801|39568939	0	-0.156	0.19266666666666665	0.3486666666666667	13164	NA	NA	NA	NA	39567750	39567846	39568801	39568939	NA	NA	NA	NA	NA	NA	NA	39567750	39568939	251,266,226,590,473,684	192,181,241,419,385,446	622,512,517,1240,1102,1400	514,565,634,495,549,660	NA	NA	NA	NA	NA	5425	chr1	-	NA	NA	NA	NA	NA	NA	5425	929,853,1181	513,646,711	1875,1678,2121	420,501,547	1104	149	0	0	0.196,0.151,0.183	0.376,0.311,0.344	-0.167	NA	NA	NA	NA	0	-0.167	0.17666666666666667	0.3436666666666667	11975	NA	NA	NA	NA	39567750	39567846	39568801	39568939	NA	NA	NA	NA	NA	NA	NA	39567750	39568939	235,167,266,445,396,425	143,170,259,384,362,505	551,516,656,1046,920,1191	513,646,711,420,501,547	NA	NA	NA	NA	NA
5443	ENSG00000184014.9	DENND5A	chr11	-	NA	NA	NA	NA	NA	NA	5443	301,292,336	24,7,29	253,343,348	3,2,19	1400	149	0.00822193326579	0.03035333822144749	0.572,0.816,0.552	0.9,0.948,0.661	-0.19	NA	NA	NA	NA	RI	chr11|-|9142721|9144278|9142721|9142845|9144096|9144278	0.03035333822144749	-0.19	0.6466666666666666	0.8363333333333334	1957	NA	NA	NA	NA	9142721	9142845	9144096	9144278	NA	NA	NA	NA	NA	NA	NA	9142721	9144278	28,27,16,27,39,53	9,13,36,17,19,25	264,252,284,209,285,270	24,7,29,3,2,19	NA	NA	NA	NA	NA	5443	chr11	-	NA	NA	NA	NA	NA	NA	5443	238,226,320	11,14,7	243,325,323	0,6,2	1400	149	3.09259756396e-5	2.900030541732e-4	0.697,0.632,0.83	1.0,0.852,0.945	-0.213	NA	NA	NA	NA	2.900030541732e-4	-0.213	0.7196666666666667	0.9323333333333333	1715	NA	NA	NA	NA	9142721	9142845	9144096	9144278	NA	NA	NA	NA	NA	NA	NA	9142721	9144278	30,20,26,41,39,48	11,32,18,10,19,26	197,174,276,192,267,249	11,14,7,0,6,2	NA	NA	NA	NA	NA
5502	ENSG00000115053.17	NCL	chr2	-	NA	NA	NA	NA	NA	NA	5502	2423,2305,3023	704,889,1107	1916,2646,3352	364,450,773	667	149	2.45410025634e-10	9.58505909036744e-9	0.435,0.367,0.379	0.54,0.568,0.492	-0.14	NA	NA	NA	NA	RI	chr2|-|231457000|231457800|231457000|231457124|231457642|231457800	9.58505909036744e-9	-0.14	0.39366666666666666	0.5333333333333333	19952	NA	NA	NA	NA	231457000	231457124	231457642	231457800	NA	NA	NA	NA	NA	NA	NA	231457000	231457800	416,420,532,288,366,468	563,515,680,481,693,773	1444,1370,1811,1147,1587,2111	704,889,1107,364,450,773	NA	NA	NA	NA	NA	5502	chr2	-	NA	NA	NA	NA	NA	NA	5502	1607,2549,2939	763,1032,1296	1895,2183,2402	373,530,698	667	149	1.83080794969e-9	5.446428181368429e-8	0.32,0.356,0.336	0.532,0.479,0.435	-0.145	NA	NA	NA	NA	5.446428181368429e-8	-0.145	0.3373333333333333	0.482	18267	NA	NA	NA	NA	231457000	231457124	231457642	231457800	NA	NA	NA	NA	NA	NA	NA	231457000	231457800	235,474,502,302,377,433	391,533,656,449,456,472	981,1542,1781,1144,1350,1497	763,1032,1296,373,530,698	NA	NA	NA	NA	NA
5505	ENSG00000115053.17	NCL	chr2	-	NA	NA	NA	NA	NA	NA	5505	1485,1400,1871	861,896,1157	1286,1433,2023	508,450,757	760	149	3.24080329239e-9	9.646896014046349e-8	0.253,0.234,0.241	0.332,0.384,0.344	-0.111	NA	NA	NA	NA	RI	chr2|-|231458265|231459125|231458265|231458389|231459000|231459125	9.646896014046349e-8	-0.111	0.24266666666666667	0.35333333333333333	14127	NA	NA	NA	NA	231458265	231458389	231459000	231459125	NA	NA	NA	NA	NA	NA	NA	231458265	231459125	376,324,453,241,285,429	269,220,361,262,252,409	840,856,1057,783,896,1185	861,896,1157,508,450,757	NA	NA	NA	NA	NA	5505	chr2	-	NA	NA	NA	NA	NA	NA	5505	1010,1515,1492	927,1049,1300	1452,1329,1658	520,582,746	760	149	2.1649348980199997e-14	1.5943953474564365e-12	0.176,0.221,0.184	0.354,0.309,0.303	-0.128	NA	NA	NA	NA	1.5943953474564365e-12	-0.128	0.19366666666666665	0.322	13580	NA	NA	NA	NA	231458265	231458389	231459000	231459125	NA	NA	NA	NA	NA	NA	NA	231458265	231459125	294,362,318,341,345,385	180,169,367,220,298,373	536,984,807,891,686,900	927,1049,1300,520,582,746	NA	NA	NA	NA	NA
5604	ENSG00000150093.20	ITGB1	chr10	-	NA	NA	NA	NA	NA	NA	5604	262,194,256	109,134,77	494,373,448	92,87,91	899	149	2.38271208841e-6	3.290718586966243e-5	0.285,0.194,0.355	0.471,0.415,0.449	-0.167	NA	NA	NA	NA	RI	chr10|-|32932514|32933583|32932514|32932600|32933350|32933583	3.290718586966243e-5	-0.167	0.27799999999999997	0.445	2617	NA	NA	NA	NA	32932514	32932600	32933350	32933583	NA	NA	NA	NA	NA	NA	NA	32932514	32933583	23,9,17,65,36,84	40,16,48,111,62,53	199,169,191,318,275,311	109,134,77,92,87,91	NA	NA	NA	NA	NA	5604	chr10	-	NA	NA	NA	NA	NA	NA	5604	91,183,137	36,99,90	571,427,313	70,91,60	899	149	1.47950540708e-11	6.980260276059467e-10	0.295,0.235,0.201	0.575,0.437,0.464	-0.248	NA	NA	NA	NA	6.980260276059467e-10	-0.248	0.24366666666666667	0.492	2168	NA	NA	NA	NA	32932514	32932600	32933350	32933583	NA	NA	NA	NA	NA	NA	NA	32932514	32933583	19,54,18,80,55,59	18,34,23,105,79,67	54,95,96,386,293,187	36,99,90,70,91,60	NA	NA	NA	NA	NA
5865	ENSG00000241370.6	RPP21	chr6	+	NA	NA	NA	NA	NA	NA	5865	11,19,35	2,4,13	15,17,15	1,0,2	217	149	2.55210605899e-4	0.00179261332803283	0.791,0.765,0.649	0.912,1.0,0.837	-0.181	NA	NA	NA	NA	RI	chr6|+|30345297|30345573|30345297|30345398|30345466|30345573	0.00179261332803283	-0.181	0.735	0.9163333333333333	134	NA	NA	NA	NA	30345297	30345398	30345466	30345573	NA	NA	NA	NA	NA	NA	NA	30345297	30345573	2,6,9,7,4,11	9,14,28,11,13,7	0,0,0,0,0,0	2,4,13,1,0,2	NA	NA	NA	NA	NA	5865	chr6	+	NA	NA	NA	NA	NA	NA	5865	23,38,28	0,0,0	18,9,37	1,8,0	217	149	8.50616297448e-4	0.00463198541053965	1.0,1.0,1.0	0.925,0.436,1.0	0.213	NA	NA	NA	NA	0.00463198541053965	0.213	1	0.787	162	NA	NA	NA	NA	30345297	30345398	30345466	30345573	NA	NA	NA	NA	NA	NA	NA	30345297	30345573	15,22,11,2,2,16	8,20,17,16,9,24	0,0,0,0,0,0	0,0,0,1,8,0	NA	NA	NA	NA	NA
6081	ENSG00000092203.15	TOX4	chr14	+	NA	NA	NA	NA	NA	NA	6081	275,326,357	11,39,58	346,283,583	7,5,23	1045	149	8.52392994358e-5	7.0920947644548e-4	0.781,0.544,0.467	0.876,0.89,0.783	-0.252	NA	NA	NA	NA	RI	chr14|+|21487450|21488850|21487450|21487693|21488589|21488850	7.0920947644548e-4	-0.252	0.5973333333333334	0.8496666666666667	2313	NA	NA	NA	NA	21487450	21487693	21488589	21488850	NA	NA	NA	NA	NA	NA	NA	21487450	21488850	32,31,30,33,10,60	9,22,0,16,19,30	234,273,327,297,254,493	11,39,58,7,5,23	NA	NA	NA	NA	NA	6081	chr14	+	NA	NA	NA	NA	NA	NA	6081	172,230,269	23,25,8	381,306,337	6,4,6	1045	149	3.66661200202e-6	4.691243618686182e-5	0.516,0.567,0.827	0.901,0.916,0.889	-0.265	NA	NA	NA	NA	4.691243618686182e-5	-0.265	0.6366666666666666	0.902	1767	NA	NA	NA	NA	21487450	21487693	21488589	21488850	NA	NA	NA	NA	NA	NA	NA	21487450	21488850	7,39,32,32,39,46	8,10,3,29,29,23	157,181,234,320,238,268	23,25,8,6,4,6	NA	NA	NA	NA	NA
6184	ENSG00000143369.15	ECM1	chr1	+	NA	NA	NA	NA	NA	NA	6184	241,278,289	79,124,100	283,288,350	89,48,34	308	149	3.51990013928e-4	0.00235891012612731	0.596,0.52,0.583	0.606,0.744,0.833	-0.161	NA	NA	NA	NA	RI	chr1|+|150509660|150510002|150509660|150509762|150509921|150510002	0.00235891012612731	-0.161	0.5663333333333334	0.7276666666666667	2203	NA	NA	NA	NA	150509660	150509762	150509921	150510002	NA	NA	NA	NA	NA	NA	NA	150509660	150510002	143,171,137,118,119,189	92,79,147,141,148,140	6,28,5,24,21,21	79,124,100,89,48,34	NA	NA	NA	NA	NA	6184	chr1	+	NA	NA	NA	NA	NA	NA	6184	171,292,361	67,130,63	228,316,288	42,62,41	308	149	0.005626891557	0.02223874222036845	0.553,0.521,0.735	0.724,0.711,0.773	-0.133	NA	NA	NA	NA	0.02223874222036845	-0.133	0.603	0.736	2061	NA	NA	NA	NA	150509660	150509762	150509921	150510002	NA	NA	NA	NA	NA	NA	NA	150509660	150510002	66,158,183,129,170,204	99,125,160,97,139,80	6,9,18,2,7,4	67,130,63,42,62,41	NA	NA	NA	NA	NA
6218	ENSG00000075785.14	RAB7A	chr3	+	NA	NA	NA	NA	NA	NA	6218	357,228,321	61,103,108	725,465,794	111,88,96	1101	149	8.69957573357e-4	0.00498558863535058	0.442,0.231,0.287	0.469,0.417,0.528	-0.151	NA	NA	NA	NA	RI	chr3|+|128806371|128807671|128806371|128806590|128807542|128807671	0.00498558863535058	-0.151	0.32	0.4713333333333333	3457	NA	NA	NA	NA	128806371	128806590	128807542	128807671	NA	NA	NA	NA	NA	NA	NA	128806371	128807671	30,14,36,90,54,51	65,82,82,108,38,161	262,132,203,527,373,582	61,103,108,111,88,96	NA	NA	NA	NA	NA	6218	chr3	+	NA	NA	NA	NA	NA	NA	6218	235,221,301	37,64,129	752,495,695	73,48,101	1101	149	3.17041668551e-5	2.9637997467174e-4	0.462,0.318,0.24	0.582,0.583,0.482	-0.209	NA	NA	NA	NA	2.9637997467174e-4	-0.209	0.34	0.5489999999999999	3151	NA	NA	NA	NA	128806371	128806590	128807542	128807671	NA	NA	NA	NA	NA	NA	NA	128806371	128807671	13,37,15,93,30,95	27,47,72,141,140,110	195,137,214,518,325,490	37,64,129,73,48,101	NA	NA	NA	NA	NA
6276	ENSG00000162736.18	NCSTN	chr1	+	NA	NA	NA	NA	NA	NA	6276	249,193,270	66,106,120	234,270,242	62,49,57	1029	149	5.95038753327e-4	0.00365243006546663	0.353,0.209,0.246	0.353,0.444,0.381	-0.123	NA	NA	NA	NA	RI	chr1|+|160353159|160354290|160353159|160353237|160354117|160354290	0.00365243006546663	-0.123	0.2693333333333333	0.39266666666666666	1918	NA	NA	NA	NA	160353159	160353237	160354117	160354290	NA	NA	NA	NA	NA	NA	NA	160353159	160354290	25,18,52,28,70,41	27,16,35,13,31,34	197,159,183,193,169,167	66,106,120,62,49,57	NA	NA	NA	NA	NA	6276	chr1	+	NA	NA	NA	NA	NA	NA	6276	159,250,237	77,122,76	269,204,266	49,62,54	1029	149	8.09849443171e-5	6.4182162563119e-4	0.23,0.229,0.311	0.443,0.323,0.416	-0.137	NA	NA	NA	NA	6.4182162563119e-4	-0.137	0.25666666666666665	0.394	1825	NA	NA	NA	NA	160353159	160353237	160354117	160354290	NA	NA	NA	NA	NA	NA	NA	160353159	160354290	51,26,52,60,38,46	20,18,24,48,35,37	88,206,161,161,131,183	77,122,76,49,62,54	NA	NA	NA	NA	NA
6283	ENSG00000162736.18	NCSTN	chr1	+	NA	NA	NA	NA	NA	NA	6283	443,477,444	46,124,60	381,472,453	28,47,45	435	149	0.00698619185032	0.02654994095774401	0.767,0.569,0.717	0.823,0.775,0.775	-0.107	NA	NA	NA	NA	RI	chr1|+|160355862|160357253|160355862|160356754|160357040|160357253	0.02654994095774401	-0.107	0.6843333333333333	0.791	3020	NA	NA	NA	NA	160355862	160356754	160357040	160357253	NA	NA	NA	NA	NA	NA	NA	160355862	160357253	82,117,112,75,106,144	239,201,160,150,160,166	122,159,172,156,206,143	46,124,60,28,47,45	NA	NA	NA	NA	NA	6283	chr1	+	NA	NA	NA	NA	NA	NA	6283	418,388,530	64,107,77	353,415,491	32,50,37	435	149	1.75227018429e-4	0.00121771687490532	0.691,0.554,0.702	0.791,0.74,0.82	-0.135	NA	NA	NA	NA	0.00121771687490532	-0.135	0.649	0.7836666666666666	2962	NA	NA	NA	NA	160355862	160356754	160357040	160357253	NA	NA	NA	NA	NA	NA	NA	160355862	160357253	49,54,85,70,98,53	179,223,241,143,172,235	190,111,204,140,145,203	64,107,77,32,50,37	NA	NA	NA	NA	NA
6413	ENSG00000145495.17	MARCHF6	chr5	+	NA	NA	NA	NA	NA	NA	6413	3506,2847,2892	59,82,49	2522,2716,4129	19,25,16	1365	149	1.0862422072900002e-12	6.796772668471715e-11	0.866,0.791,0.866	0.935,0.922,0.966	-0.1	NA	NA	NA	NA	RI	chr5|+|10400783|10402139|10400783|10400842|10402058|10402139	6.796772668471715e-11	-0.1	0.841	0.9410000000000001	18862	NA	NA	NA	NA	10400783	10400842	10402058	10402139	NA	NA	NA	NA	NA	NA	NA	10400783	10402139	471,370,262,339,324,404	321,299,351,255,293,390	2714,2178,2279,1928,2099,3335	59,82,49,19,25,16	NA	NA	NA	NA	NA	6413	chr5	+	NA	NA	NA	NA	NA	NA	6413	2028,2794,3075	79,103,51	2916,2822,2736	67,20,14	1365	149	3.30223483558e-7	5.952894379721677e-6	0.737,0.748,0.868	0.826,0.939,0.955	-0.122	NA	NA	NA	NA	5.952894379721677e-6	-0.122	0.7843333333333333	0.9066666666666666	16705	NA	NA	NA	NA	10400783	10400842	10402058	10402139	NA	NA	NA	NA	NA	NA	NA	10400783	10402139	212,268,405,333,332,331	244,263,330,320,308,253	1572,2263,2340,2263,2182,2152	79,103,51,67,20,14	NA	NA	NA	NA	NA
6436	ENSG00000125835.20	SNRPB	chr20	-	NA	NA	NA	NA	NA	NA	6436	2515,2230,2917	385,340,517	4698,4689,5944	342,303,507	1936	149	0	0	0.335,0.335,0.303	0.514,0.544,0.474	-0.186	NA	NA	NA	NA	RI	chr20|-|2465707|2467758|2465707|2465819|2467606|2467758	0	-0.186	0.32433333333333336	0.5106666666666667	25387	NA	NA	NA	NA	2465707	2465819	2467606	2467758	NA	NA	NA	NA	NA	NA	NA	2465707	2467758	180,161,166,422,409,599	169,119,103,245,184,241	2166,1950,2648,4031,4096,5104	385,340,517,342,303,507	NA	NA	NA	NA	NA	6436	chr20	-	NA	NA	NA	NA	NA	NA	6436	2091,2145,2855	345,430,536	4056,4287,5259	208,269,404	1936	149	0	0	0.318,0.277,0.291	0.6,0.551,0.5	-0.255	NA	NA	NA	NA	0	-0.255	0.29533333333333334	0.5503333333333333	22885	NA	NA	NA	NA	2465707	2465819	2467606	2467758	NA	NA	NA	NA	NA	NA	NA	2465707	2467758	179,183,211,321,330,449	154,121,173,207,179,193	1758,1841,2471,3528,3778,4617	345,430,536,208,269,404	NA	NA	NA	NA	NA
6594	ENSG00000198034.11	RPS4X	chrX	-	NA	NA	NA	NA	NA	NA	6594	6916,6311,7863	901,851,1149	10238,10630,15432	619,700,990	1229	149	0	0	0.482,0.473,0.453	0.667,0.648,0.654	-0.187	NA	NA	NA	NA	RI	chrX|-|72273800|72275150|72273800|72273972|72275052|72275150	0	-0.187	0.4693333333333333	0.6563333333333333	62600	NA	NA	NA	NA	72273800	72273972	72275052	72275150	NA	NA	NA	NA	NA	NA	NA	72273800	72275150	739,860,1029,1327,1425,1939	476,372,620,779,680,933	5701,5079,6214,8132,8525,12560	901,851,1149,619,700,990	NA	NA	NA	NA	NA	6594	chrX	-	NA	NA	NA	NA	NA	NA	6594	4363,6200,7651	878,1020,1320	9501,10387,11992	584,591,984	1229	149	0	0	0.376,0.424,0.413	0.664,0.681,0.596	-0.243	NA	NA	NA	NA	0	-0.243	0.4043333333333333	0.647	55471	NA	NA	NA	NA	72273800	72273972	72275052	72275150	NA	NA	NA	NA	NA	NA	NA	72273800	72275150	536,974,1060,1355,1477,1604	275,339,544,672,659,832	3552,4887,6047,7474,8251,9556	878,1020,1320,584,591,984	NA	NA	NA	NA	NA
6629	ENSG00000169223.16	LMAN2	chr5	-	NA	NA	NA	NA	NA	NA	6629	361,471,606	98,182,91	623,684,766	64,45,78	2881	149	5.77493719511e-10	2.0708722152289193e-8	0.16,0.118,0.256	0.335,0.44,0.337	-0.193	NA	NA	NA	NA	RI	chr5|-|177334283|177337250|177334283|177334403|177337135|177337250	2.0708722152289193e-8	-0.193	0.178	0.3706666666666667	4069	NA	NA	NA	NA	177334283	177334403	177337135	177337250	NA	NA	NA	NA	NA	NA	NA	177334283	177337250	27,17,54,47,54,65	13,2,13,52,14,44	321,452,539,524,616,657	98,182,91,64,45,78	NA	NA	NA	NA	NA	6629	chr5	-	NA	NA	NA	NA	NA	NA	6629	331,480,593	114,225,149	612,699,760	70,89,122	2881	149	3.33066907388e-16	3.35231842286022e-14	0.131,0.099,0.171	0.311,0.289,0.244	-0.148	NA	NA	NA	NA	3.35231842286022e-14	-0.148	0.13366666666666668	0.2813333333333333	4244	NA	NA	NA	NA	177334283	177334403	177337135	177337250	NA	NA	NA	NA	NA	NA	NA	177334283	177337250	20,60,35,69,82,66	8,21,11,29,14,12	303,399,547,514,603,682	114,225,149,70,89,122	NA	NA	NA	NA	NA
6643	ENSG00000133706.20	LARS1	chr5	-	NA	NA	NA	NA	NA	NA	6643	1228,1024,1272	199,189,251	1167,1197,1497	131,116,182	1937	149	2.74314575199e-6	3.746318430111955e-5	0.322,0.294,0.28	0.407,0.443,0.388	-0.114	NA	NA	NA	NA	RI	chr5|-|146130017|146133081|146130017|146131109|146132897|146133081	3.746318430111955e-5	-0.114	0.2986666666666667	0.4126666666666667	8453	NA	NA	NA	NA	146130017	146131109	146132897	146133081	NA	NA	NA	NA	NA	NA	NA	146130017	146133081	62,37,125,97,54,88	86,22,72,50,68,74	1080,965,1075,1020,1075,1335	199,189,251,131,116,182	NA	NA	NA	NA	NA	6643	chr5	-	NA	NA	NA	NA	NA	NA	6643	1024,1031,1421	188,265,222	1025,1123,1258	121,120,187	1937	149	1.1905936106e-4	8.8875090413021e-4	0.295,0.23,0.33	0.395,0.419,0.341	-0.1	NA	NA	NA	NA	8.8875090413021e-4	-0.1	0.28500000000000003	0.385	7985	NA	NA	NA	NA	146130017	146131109	146132897	146133081	NA	NA	NA	NA	NA	NA	NA	146130017	146133081	71,76,101,49,91,105	27,54,61,51,41,117	926,901,1259,925,991,1036	188,265,222,121,120,187	NA	NA	NA	NA	NA
6675	ENSG00000102393.15	GLA	chrX	-	NA	NA	NA	NA	NA	NA	6675	270,304,359	102,142,151	328,307,448	44,86,96	1023	149	3.14376008947e-5	3.0454244658183e-4	0.278,0.238,0.257	0.521,0.342,0.405	-0.165	NA	NA	NA	NA	RI	chrX|-|101400665|101401809|101400665|101400757|101401631|101401809	3.0454244658183e-4	-0.165	0.25766666666666665	0.4226666666666667	2637	NA	NA	NA	NA	101400665	101400757	101401631	101401809	NA	NA	NA	NA	NA	NA	NA	101400665	101401809	43,26,58,52,54,64	29,77,45,69,59,83	198,201,256,207,194,301	102,142,151,44,86,96	NA	NA	NA	NA	NA	6675	chrX	-	NA	NA	NA	NA	NA	NA	6675	209,415,375	82,180,132	222,396,351	59,72,56	1023	149	3.35129995965e-6	4.315245299856365e-5	0.271,0.251,0.293	0.354,0.445,0.477	-0.154	NA	NA	NA	NA	4.315245299856365e-5	-0.154	0.27166666666666667	0.42533333333333334	2549	NA	NA	NA	NA	101400665	101400757	101401631	101401809	NA	NA	NA	NA	NA	NA	NA	101400665	101401809	42,51,39,31,61,63	44,70,76,38,75,51	123,294,260,153,260,237	82,180,132,59,72,56	NA	NA	NA	NA	NA
6712	ENSG00000170791.18	CHCHD7	chr8	+	NA	NA	NA	NA	NA	NA	6712	410,340,382	25,32,41	568,469,755	14,3,23	2909	149	9.68245193245e-7	1.5065526843384242e-5	0.457,0.352,0.323	0.675,0.889,0.627	-0.353	NA	NA	NA	NA	RI	chr8|+|56211788|56214667|56211788|56211837|56214597|56214667	1.5065526843384242e-5	-0.353	0.37733333333333335	0.7303333333333334	3062	NA	NA	NA	NA	56211788	56211837	56214597	56214667	NA	NA	NA	NA	NA	NA	NA	56211788	56214667	13,12,15,13,31,31	47,13,38,22,46,67	350,315,329,533,392,657	25,32,41,14,3,23	NA	NA	NA	NA	NA	6712	chr8	+	NA	NA	NA	NA	NA	NA	6712	415,290,489	24,18,18	776,562,641	9,14,6	2909	149	5.97602540198e-6	7.146379683674698e-5	0.47,0.452,0.582	0.815,0.673,0.845	-0.276	NA	NA	NA	NA	7.146379683674698e-5	-0.276	0.5013333333333333	0.7776666666666666	3262	NA	NA	NA	NA	56211788	56211837	56214597	56214667	NA	NA	NA	NA	NA	NA	NA	56211788	56214667	26,6,7,24,18,16	22,28,26,43,43,56	367,256,456,709,501,569	24,18,18,9,14,6	NA	NA	NA	NA	NA
6773	ENSG00000197694.19	SPTAN1	chr9	+	NA	NA	NA	NA	NA	NA	6773	529,405,277	375,245,318	533,375,599	150,144,201	1242	149	3.33066907388e-16	3.5213211656952e-14	0.145,0.165,0.095	0.299,0.238,0.263	-0.132	NA	NA	NA	NA	RI	chr9|+|128598962|128600115|128598962|128598986|128600079|128600115	3.5213211656952e-14	-0.132	0.135	0.26666666666666666	4151	NA	NA	NA	NA	128598962	128598986	128600079	128600115	NA	NA	NA	NA	NA	NA	NA	128598962	128600115	218,31,63,178,117,188	58,78,94,51,69,80	253,296,120,304,189,331	375,245,318,150,144,201	NA	NA	NA	NA	NA	6773	chr9	+	NA	NA	NA	NA	NA	NA	6773	353,505,365	332,436,365	605,400,396	152,178,181	1242	149	2.34579022873e-12	1.23184584272178e-10	0.113,0.122,0.107	0.323,0.212,0.208	-0.134	NA	NA	NA	NA	1.23184584272178e-10	-0.134	0.114	0.24766666666666667	4268	NA	NA	NA	NA	128598962	128598986	128600079	128600115	NA	NA	NA	NA	NA	NA	NA	128598962	128600115	115,160,167,191,101,100	38,56,57,113,73,66	200,289,141,301,226,230	332,436,365,152,178,181	NA	NA	NA	NA	NA
6829	ENSG00000075624.17	ACTB	chr7	-	NA	NA	NA	NA	NA	NA	6829	2001,2060,2719	553,570,846	4389,4622,6137	679,726,1026	590	149	2.60129695562e-11	1.1903845471538686e-9	0.477,0.477,0.448	0.62,0.617,0.602	-0.146	NA	NA	NA	NA	RI	chr7|-|5528280|5529400|5528280|5528719|5529160|5529400	1.1903845471538686e-9	-0.146	0.4673333333333333	0.613	26328	NA	NA	NA	NA	5528280	5528719	5529160	5529400	NA	NA	NA	NA	NA	NA	NA	5528280	5529400	419,500,622,974,1044,1522	273,189,322,554,608,880	1309,1371,1775,2861,2970,3735	553,570,846,679,726,1026	NA	NA	NA	NA	NA	6829	chr7	-	NA	NA	NA	NA	NA	NA	6829	1707,1712,2810	728,685,956	3667,4099,4976	549,680,1055	590	149	0	0	0.372,0.387,0.426	0.628,0.604,0.544	-0.197	NA	NA	NA	NA	0	-0.197	0.395	0.592	23624	NA	NA	NA	NA	5528280	5528719	5529160	5529400	NA	NA	NA	NA	NA	NA	NA	5528280	5529400	431,417,601,768,976,1095	206,225,373,403,456,725	1070,1070,1836,2496,2667,3156	728,685,956,549,680,1055	NA	NA	NA	NA	NA
6872	ENSG00000112855.17	HARS2	chr5	+	NA	NA	NA	NA	NA	NA	6872	24,12,38	8,0,3	30,29,24	3,0,0	240	149	0.00329205710013	0.01471129223420573	0.651,1.0,0.887	0.861,1.0,1.0	-0.108	NA	NA	NA	NA	RI	chr5|+|140691452|140691756|140691452|140691515|140691606|140691756	0.01471129223420573	-0.108	0.846	0.9536666666666667	171	NA	NA	NA	NA	140691452	140691515	140691606	140691756	NA	NA	NA	NA	NA	NA	NA	140691452	140691756	5,12,17,12,8,8	21,12,38,25,29,23	0,0,0,0,0,0	8,0,3,3,0,0	NA	NA	NA	NA	NA	6872	chr5	+	NA	NA	NA	NA	NA	NA	6872	47,21,19	4,0,5	52,16,27	0,0,0	240	149	7.19606986578e-5	5.8331632106638e-4	0.879,1.0,0.702	1.0,1.0,1.0	-0.14	NA	NA	NA	NA	5.8331632106638e-4	-0.14	0.8603333333333333	1	191	NA	NA	NA	NA	140691452	140691515	140691606	140691756	NA	NA	NA	NA	NA	NA	NA	140691452	140691756	23,14,11,8,11,15	43,19,17,52,16,27	0,0,0,0,0,0	4,0,5,0,0,0	NA	NA	NA	NA	NA
7170	ENSG00000182150.19	ERCC6L2	chr9	+	NA	NA	NA	NA	NA	NA	7170	71,16,63	20,38,51	109,54,106	17,28,48	1425	149	0.00825312899658	0.03045017268774281	0.271,0.042,0.114	0.401,0.168,0.188	-0.11	NA	NA	NA	NA	RI	chr9|+|95970575|95973088|95970575|95970656|95971932|95973088	0.03045017268774281	-0.11	0.14233333333333334	0.25233333333333335	621	NA	NA	NA	NA	95970575	95970656	95971932	95973088	NA	NA	NA	NA	NA	NA	NA	95970575	95973088	0,0,5,0,2,1	8,8,16,4,3,21	63,8,42,105,49,84	20,38,51,17,28,48	NA	NA	NA	NA	NA	7170	chr9	+	NA	NA	NA	NA	NA	NA	7170	35,41,68	50,35,37	125,23,59	9,23,11	1425	149	0.00365917521974	0.01567773862686478	0.068,0.109,0.161	0.592,0.095,0.359	-0.236	NA	NA	NA	NA	0.01567773862686478	-0.236	0.11266666666666666	0.3486666666666667	516	NA	NA	NA	NA	95970575	95970656	95971932	95973088	NA	NA	NA	NA	NA	NA	NA	95970575	95973088	0,0,6,5,3,10	12,12,5,10,10,3	23,29,57,110,10,46	50,35,37,9,23,11	NA	NA	NA	NA	NA
7566	ENSG00000166598.16	HSP90B1	chr12	+	NA	NA	NA	NA	NA	NA	7566	2792,2668,2460	843,1532,941	2083,2159,2843	226,319,516	567	149	3.2981395392500004e-12	1.8554304270349542e-10	0.465,0.314,0.407	0.708,0.64,0.591	-0.251	NA	NA	NA	NA	RI	chr12|+|103943073|103943874|103943073|103943319|103943737|103943874	1.8554304270349542e-10	-0.251	0.3953333333333333	0.6463333333333333	19382	NA	NA	NA	NA	103943073	103943319	103943737	103943874	NA	NA	NA	NA	NA	NA	NA	103943073	103943874	923,905,812,686,742,919	883,955,736,715,662,884	986,808,912,682,755,1040	843,1532,941,226,319,516	NA	NA	NA	NA	NA	7566	chr12	+	NA	NA	NA	NA	NA	NA	7566	1729,2691,2397	784,2721,1300	2031,2564,2155	265,472,331	567	149	0	0	0.367,0.206,0.326	0.668,0.588,0.631	-0.329	NA	NA	NA	NA	0	-0.329	0.29966666666666664	0.629	19440	NA	NA	NA	NA	103943073	103943319	103943737	103943874	NA	NA	NA	NA	NA	NA	NA	103943073	103943874	600,924,826,658,793,616	586,814,793,675,825,831	543,953,778,698,946,708	784,2721,1300,265,472,331	NA	NA	NA	NA	NA
7694	ENSG00000052749.14	RRP12	chr10	-	NA	NA	NA	NA	NA	NA	7694	465,567,517	118,72,133	1275,914,1153	176,139,108	1140	149	0.0111807699225	0.03902133247852589	0.34,0.507,0.337	0.486,0.462,0.583	-0.116	NA	NA	NA	NA	RI	chr10|-|97370922|97372166|97370922|97371081|97372072|97372166	0.03902133247852589	-0.116	0.39466666666666667	0.5103333333333333	5637	NA	NA	NA	NA	97370922	97371081	97372072	97372166	NA	NA	NA	NA	NA	NA	NA	97370922	97372166	45,56,48,126,89,88	39,42,49,151,111,160	381,469,420,998,714,905	118,72,133,176,139,108	NA	NA	NA	NA	NA	7694	chr10	-	NA	NA	NA	NA	NA	NA	7694	488,534,551	121,207,148	1152,929,1174	244,100,154	1140	149	1.19784522381e-5	1.2780542944502e-4	0.345,0.252,0.327	0.382,0.548,0.499	-0.168	NA	NA	NA	NA	1.2780542944502e-4	-0.168	0.308	0.47633333333333333	5802	NA	NA	NA	NA	97370922	97371081	97372072	97372166	NA	NA	NA	NA	NA	NA	NA	97370922	97372166	68,37,44,96,85,151	66,48,41,136,111,145	354,449,466,920,733,878	121,207,148,244,100,154	NA	NA	NA	NA	NA
7779	ENSG00000055609.21	KMT2C	chr7	-	NA	NA	NA	NA	NA	NA	7779	183,116,123	38,82,142	219,275,338	40,88,88	1613	149	5.11719987075e-4	0.00321173690966622	0.308,0.116,0.074	0.336,0.224,0.262	-0.108	NA	NA	NA	NA	RI	chr7|-|152154266|152156057|152154266|152154445|152155909|152156057	0.00321173690966622	-0.108	0.166	0.274	1732	NA	NA	NA	NA	152154266	152154445	152155909	152156057	NA	NA	NA	NA	NA	NA	NA	152154266	152156057	8,11,27,16,17,52	10,5,1,7,25,19	165,100,95,196,233,267	38,82,142,40,88,88	NA	NA	NA	NA	NA	7779	chr7	-	NA	NA	NA	NA	NA	NA	7779	96,88,144	84,87,71	316,336,278	43,105,46	1613	149	1.4220846722400002e-12	7.951823458942001e-11	0.095,0.085,0.158	0.404,0.228,0.358	-0.217	NA	NA	NA	NA	7.951823458942001e-11	-0.217	0.11266666666666666	0.33	1694	NA	NA	NA	NA	152154266	152154445	152155909	152156057	NA	NA	NA	NA	NA	NA	NA	152154266	152156057	14,8,3,31,69,22	0,11,0,23,2,9	82,69,141,262,265,247	84,87,71,43,105,46	NA	NA	NA	NA	NA
7817	ENSG00000111144.10	LTA4H	chr12	-	NA	NA	NA	NA	NA	NA	7817	1645,1269,1807	53,73,137	1754,1775,2510	25,36,68	4188	149	1.82255041978e-5	1.9038976446492e-4	0.525,0.382,0.319	0.714,0.637,0.568	-0.231	NA	NA	NA	NA	RI	chr12|-|96009093|96013258|96009093|96009148|96013187|96013258	1.9038976446492e-4	-0.231	0.4086666666666667	0.6396666666666666	11152	NA	NA	NA	NA	96009093	96009148	96013187	96013258	NA	NA	NA	NA	NA	NA	NA	96009093	96013258	62,56,81,60,71,141	62,21,26,30,29,39	1521,1192,1700,1664,1675,2330	53,73,137,25,36,68	NA	NA	NA	NA	NA	7817	chr12	-	NA	NA	NA	NA	NA	NA	7817	1195,1690,1769	75,106,170	1986,1981,1796	70,40,76	4188	149	5.5106820005e-6	6.6558017202039e-5	0.362,0.362,0.27	0.502,0.638,0.457	-0.201	NA	NA	NA	NA	6.6558017202039e-5	-0.201	0.3313333333333333	0.5323333333333333	10954	NA	NA	NA	NA	96009093	96009148	96013187	96013258	NA	NA	NA	NA	NA	NA	NA	96009093	96013258	45,52,95,55,109,61	11,39,18,25,28,40	1139,1599,1656,1906,1844,1695	75,106,170,70,40,76	NA	NA	NA	NA	NA
7826	ENSG00000160014.17	CALM3	chr19	+	NA	NA	NA	NA	NA	NA	7826	705,754,674	62,69,60	669,616,689	39,14,45	2488	149	0.00731189523884	0.02754087322147843	0.405,0.396,0.402	0.507,0.725,0.478	-0.169	NA	NA	NA	NA	RI	chr19|+|46605826|46608340|46605826|46605857|46608196|46608340	0.02754087322147843	-0.169	0.401	0.57	4396	NA	NA	NA	NA	46605826	46605857	46608196	46608340	NA	NA	NA	NA	NA	NA	NA	46605826	46608340	20,45,50,51,61,32	48,73,60,64,55,35	637,636,564,554,500,622	62,69,60,39,14,45	NA	NA	NA	NA	NA	7826	chr19	+	NA	NA	NA	NA	NA	NA	7826	613,715,794	64,59,83	550,645,553	24,40,38	2488	149	0.00154704480738	0.00765159999325783	0.365,0.421,0.364	0.578,0.491,0.466	-0.128	NA	NA	NA	NA	0.00765159999325783	-0.128	0.3833333333333333	0.5116666666666667	4178	NA	NA	NA	NA	46605826	46605857	46608196	46608340	NA	NA	NA	NA	NA	NA	NA	46605826	46608340	30,31,47,29,46,23	35,116,67,57,43,52	548,568,680,464,556,478	64,59,83,24,40,38	NA	NA	NA	NA	NA
7847	ENSG00000120885.22	CLU	chr8	-	NA	NA	NA	NA	NA	NA	7847	20,0,45	11,37,33	161,135,310	25,22,87	1293	149	2.42583730881e-13	1.7708612354313002e-11	0.173,0.0,0.136	0.426,0.414,0.291	-0.274	NA	NA	NA	NA	RI	chr8|-|27598459|27600009|27598459|27598635|27599779|27600009	1.7708612354313002e-11	-0.274	0.103	0.377	886	NA	NA	NA	NA	27598459	27598635	27599779	27600009	NA	NA	NA	NA	NA	NA	NA	27598459	27600009	4,0,4,8,32,41	0,0,5,16,5,16	16,0,36,137,98,253	11,37,33,25,22,87	NA	NA	NA	NA	NA	7847	chr8	-	NA	NA	NA	NA	NA	NA	7847	38,56,34	29,125,25	222,106,228	47,11,23	1293	149	0	0	0.131,0.049,0.135	0.352,0.526,0.533	-0.365	NA	NA	NA	NA	0	-0.365	0.10500000000000001	0.4703333333333333	944	NA	NA	NA	NA	27598459	27598635	27599779	27600009	NA	NA	NA	NA	NA	NA	NA	27598459	27600009	0,10,9,18,5,23	0,3,0,43,1,20	38,43,25,161,100,185	29,125,25,47,11,23	NA	NA	NA	NA	NA
7902	ENSG00000168615.13	ADAM9	chr8	+	NA	NA	NA	NA	NA	NA	7902	92,35,81	65,99,110	135,109,168	59,91,62	1173	149	6.84526294537e-8	1.4524274180279877e-6	0.152,0.043,0.086	0.225,0.132,0.256	-0.111	NA	NA	NA	NA	RI	chr8|+|39016117|39017414|39016117|39016194|39017218|39017414	1.4524274180279877e-6	-0.111	0.09366666666666666	0.20433333333333334	1106	NA	NA	NA	NA	39016117	39016194	39017218	39017414	NA	NA	NA	NA	NA	NA	NA	39016117	39017414	4,12,6,24,4,36	4,0,19,18,17,15	84,23,56,93,88,117	65,99,110,59,91,62	NA	NA	NA	NA	NA	7902	chr8	+	NA	NA	NA	NA	NA	NA	7902	67,51,39	82,129,101	119,81,195	68,70,47	1173	149	2.38479014314e-10	8.572468853822892e-9	0.094,0.048,0.047	0.182,0.128,0.345	-0.155	NA	NA	NA	NA	8.572468853822892e-9	-0.155	0.063	0.21833333333333332	1049	NA	NA	NA	NA	39016117	39016194	39017218	39017414	NA	NA	NA	NA	NA	NA	NA	39016117	39017414	0,1,10,7,12,11	0,1,6,16,0,49	67,49,23,96,69,135	82,129,101,68,70,47	NA	NA	NA	NA	NA
8032	ENSG00000115392.13	FANCL	chr2	-	NA	NA	NA	NA	NA	NA	8032	105,68,52	16,7,0	52,78,69	0,0,1	3180	149	1.46983211832e-5	1.5647587759615e-4	0.235,0.313,1.0	1.0,1.0,0.764	-0.405	NA	NA	NA	NA	RI	chr2|-|58226727|58229874|58226727|58226782|58229813|58229874	1.5647587759615e-4	-0.405	0.516	0.9213333333333333	448	NA	NA	NA	NA	58226727	58226782	58229813	58229874	NA	NA	NA	NA	NA	NA	NA	58226727	58229874	0,1,1,6,8,0	0,0,0,3,4,8	105,67,51,43,66,61	16,7,0,0,0,1	NA	NA	NA	NA	NA	8032	chr2	-	NA	NA	NA	NA	NA	NA	8032	57,89,112	0,0,0	36,79,40	0,16,0	3180	149	0.0033561924682	0.01462341004001428	1.0,1.0,1.0	1.0,0.188,1.0	0.271	NA	NA	NA	NA	0.01462341004001428	0.271	1	0.7293333333333334	429	NA	NA	NA	NA	58226727	58226782	58229813	58229874	NA	NA	NA	NA	NA	NA	NA	58226727	58229874	8,1,0,2,10,0	0,1,3,0,0,0	49,87,109,34,69,40	0,0,0,0,16,0	NA	NA	NA	NA	NA
8042	ENSG00000033011.14	ALG1	chr16	+	NA	NA	NA	NA	NA	NA	8042	164,108,152	0,0,14	48,65,103	0,0,0	2290	149	9.98262700339e-4	0.00560562900959592	1.0,1.0,0.414	1.0,1.0,1.0	-0.195	NA	NA	NA	NA	RI	chr16|+|5073152|5075536|5073152|5073256|5075397|5075536	0.00560562900959592	-0.195	0.8046666666666666	1	654	NA	NA	NA	NA	5073152	5073256	5075397	5075536	NA	NA	NA	NA	NA	NA	NA	5073152	5075536	11,17,24,2,3,9	24,20,22,13,8,8	129,71,106,33,54,86	0,0,14,0,0,0	NA	NA	NA	NA	NA	8042	chr16	+	NA	NA	NA	NA	NA	NA	8042	91,86,166	4,4,1	44,92,79	0,0,2	2290	149	0.00143223921559	0.00718379785959136	0.597,0.583,0.915	1.0,1.0,0.72	-0.208	NA	NA	NA	NA	0.00718379785959136	-0.208	0.6983333333333334	0.9066666666666666	569	NA	NA	NA	NA	5073152	5073256	5075397	5075536	NA	NA	NA	NA	NA	NA	NA	5073152	5075536	1,9,4,0,3,15	14,42,41,3,7,26	76,35,121,41,82,38	4,4,1,0,0,2	NA	NA	NA	NA	NA
8088	ENSG00000206503.14	HLA-A	chr6	+	NA	NA	NA	NA	NA	NA	8088	583,465,539	218,496,391	462,595,760	183,203,347	390	149	0.0110363351797	0.03865181420309999	0.505,0.264,0.345	0.491,0.528,0.456	-0.12	NA	NA	NA	NA	RI	chr6|+|29942756|29943543|29942756|29943026|29943267|29943543	0.03865181420309999	-0.12	0.37133333333333335	0.4916666666666667	5242	NA	NA	NA	NA	29942756	29943026	29943267	29943543	NA	NA	NA	NA	NA	NA	NA	29942756	29943543	288,217,291,237,290,391	84,51,88,66,114,149	211,197,160,159,191,220	218,496,391,183,203,347	NA	NA	NA	NA	NA	8088	chr6	+	NA	NA	NA	NA	NA	NA	8088	428,547,737	269,802,457	525,546,658	190,286,248	390	149	8.30853980808e-5	6.5247427699603e-4	0.378,0.207,0.381	0.514,0.422,0.503	-0.158	NA	NA	NA	NA	6.5247427699603e-4	-0.158	0.322	0.4796666666666667	5693	NA	NA	NA	NA	29942756	29943026	29943267	29943543	NA	NA	NA	NA	NA	NA	NA	29942756	29943543	225,270,373,266,274,360	60,94,121,69,83,69	143,183,243,190,189,229	269,802,457,190,286,248	NA	NA	NA	NA	NA
8090	ENSG00000206503.14	HLA-A	chr6	+	NA	NA	NA	NA	NA	NA	8090	743,608,740	371,749,531	734,892,1222	304,350,530	727	149	4.61887525816e-6	5.950198126688471e-5	0.291,0.143,0.222	0.331,0.343,0.321	-0.113	NA	NA	NA	NA	RI	chr6|+|29943267|29944397|29943267|29943543|29944121|29944397	5.950198126688471e-5	-0.113	0.21866666666666665	0.33166666666666667	7774	NA	NA	NA	NA	29943267	29943543	29944121	29944397	NA	NA	NA	NA	NA	NA	NA	29943267	29944397	189,186,195,180,234,276	53,40,63,65,73,142	501,382,482,489,585,804	371,749,531,304,350,530	NA	NA	NA	NA	NA	8090	chr6	+	NA	NA	NA	NA	NA	NA	8090	494,739,874	404,1094,750	715,733,817	414,332,490	727	149	1.28134947097e-10	4.866710349174736e-9	0.2,0.122,0.193	0.261,0.312,0.255	-0.104	NA	NA	NA	NA	4.866710349174736e-9	-0.104	0.17166666666666666	0.276	7856	NA	NA	NA	NA	29943267	29943543	29944121	29944397	NA	NA	NA	NA	NA	NA	NA	29943267	29944397	129,145,213,166,178,208	66,103,102,56,63,57	299,491,559,493,492,552	404,1094,750,414,332,490	NA	NA	NA	NA	NA
8093	ENSG00000206503.14	HLA-A	chr6	+	NA	NA	NA	NA	NA	NA	8093	926,1092,1051	381,842,679	1133,1315,1497	309,369,556	591	149	3.29234826846e-7	5.903122684852843e-6	0.38,0.246,0.281	0.48,0.473,0.404	-0.15	NA	NA	NA	NA	RI	chr6|+|29944499|29945091|29944499|29944616|29945058|29945091	5.903122684852843e-6	-0.15	0.30233333333333334	0.4523333333333333	10150	NA	NA	NA	NA	29944499	29944616	29945058	29945091	NA	NA	NA	NA	NA	NA	NA	29944499	29945091	80,137,121,101,117,139	199,217,299,266,344,394	647,738,631,766,854,964	381,842,679,309,369,556	NA	NA	NA	NA	NA	8093	chr6	+	NA	NA	NA	NA	NA	NA	8093	858,1128,1243	349,1117,717	1060,1060,1229	299,428,482	591	149	5.38842893286e-4	0.00315011832773877	0.383,0.203,0.304	0.472,0.384,0.391	-0.119	NA	NA	NA	NA	0.00315011832773877	-0.119	0.2966666666666667	0.4156666666666667	9970	NA	NA	NA	NA	29944499	29944616	29945058	29945091	NA	NA	NA	NA	NA	NA	NA	29944499	29945091	86,108,131,105,135,124	178,279,328,274,276,278	594,741,784,681,649,827	349,1117,717,299,428,482	NA	NA	NA	NA	NA
8224	ENSG00000173812.11	EIF1	chr17	+	NA	NA	NA	NA	NA	NA	8224	220,296,431	173,277,334	499,512,809	261,229,479	295	149	7.75000224273e-6	9.017649668390962e-5	0.391,0.351,0.395	0.491,0.53,0.46	-0.115	NA	NA	NA	NA	RI	chr17|+|41689777|41690189|41689777|41689941|41690087|41690189	9.017649668390962e-5	-0.115	0.379	0.4936666666666667	4520	NA	NA	NA	NA	41689777	41689941	41690087	41690189	NA	NA	NA	NA	NA	NA	NA	41689777	41690189	94,97,175,250,199,366	122,165,255,246,309,423	4,34,1,4,4,24	173,277,334,261,229,479	NA	NA	NA	NA	NA	8224	chr17	+	NA	NA	NA	NA	NA	NA	8224	162,307,300	234,356,428	401,397,631	211,225,328	295	149	0	0	0.259,0.303,0.261	0.49,0.471,0.493	-0.21	NA	NA	NA	NA	0	-0.21	0.2743333333333333	0.48466666666666663	3980	NA	NA	NA	NA	41689777	41689941	41690087	41690189	NA	NA	NA	NA	NA	NA	NA	41689777	41690189	66,130,118,141,142,256	86,177,178,254,243,325	10,0,4,6,12,50	234,356,428,211,225,328	NA	NA	NA	NA	NA
8287	ENSG00000070061.16	ELP1	chr9	-	NA	NA	NA	NA	NA	NA	8287	28,3,21	16,5,18	14,9,3	1,1,1	395	149	2.20351084718e-4	0.00157772653584509	0.398,0.185,0.306	0.841,0.772,0.531	-0.418	NA	NA	NA	NA	RI	chr9|-|108896495|108897038|108896495|108896644|108896890|108897038	0.00157772653584509	-0.418	0.29633333333333334	0.7146666666666667	120	NA	NA	NA	NA	108896495	108896644	108896890	108897038	NA	NA	NA	NA	NA	NA	NA	108896495	108897038	26,1,7,14,1,1	2,2,0,0,1,0	0,0,14,0,7,2	16,5,18,1,1,1	NA	NA	NA	NA	NA	8287	chr9	-	NA	NA	NA	NA	NA	NA	8287	11,18,37	15,2,0	2,1,5	12,14,10	395	149	1.93527841985e-6	2.6991100178924136e-5	0.217,0.772,1.0	0.059,0.026,0.159	0.582	NA	NA	NA	NA	2.6991100178924136e-5	0.582	0.663	0.08133333333333333	127	NA	NA	NA	NA	108896495	108896644	108896890	108897038	NA	NA	NA	NA	NA	NA	NA	108896495	108897038	0,11,3,0,1,0	1,4,7,2,0,3	10,3,27,0,0,2	15,2,0,12,14,10	NA	NA	NA	NA	NA
8330	ENSG00000044574.9	HSPA5	chr9	-	NA	NA	NA	NA	NA	NA	8330	341,310,352	684,1481,1274	489,660,847	537,540,884	430	149	0	0	0.147,0.068,0.087	0.24,0.298,0.249	-0.162	NA	NA	NA	NA	RI	chr9|-|125238140|125238827|125238140|125238308|125238589|125238827	0	-0.162	0.10066666666666667	0.2623333333333333	8399	NA	NA	NA	NA	125238140	125238308	125238589	125238827	NA	NA	NA	NA	NA	NA	NA	125238140	125238827	57,117,100,145,198,276	57,78,72,141,116,154	227,115,180,203,346,417	684,1481,1274,537,540,884	NA	NA	NA	NA	NA	8330	chr9	-	NA	NA	NA	NA	NA	NA	8330	265,314,438	818,2400,1223	452,656,645	386,675,686	430	149	0	0	0.101,0.043,0.11	0.289,0.252,0.246	-0.178	NA	NA	NA	NA	0	-0.178	0.08466666666666667	0.2623333333333333	8958	NA	NA	NA	NA	125238140	125238308	125238589	125238827	NA	NA	NA	NA	NA	NA	NA	125238140	125238827	52,94,128,161,208,151	90,80,97,112,151,134	123,140,213,179,297,360	818,2400,1223,386,675,686	NA	NA	NA	NA	NA
8333	ENSG00000044574.9	HSPA5	chr9	-	NA	NA	NA	NA	NA	NA	8333	176,139,145	727,1534,1209	273,311,389	374,640,965	238	149	0	0	0.132,0.054,0.07	0.314,0.233,0.202	-0.164	NA	NA	NA	NA	RI	chr9|-|125238940|125239533|125238940|125239331|125239420|125239533	0	-0.164	0.08533333333333334	0.24966666666666668	6882	NA	NA	NA	NA	125238940	125239331	125239420	125239533	NA	NA	NA	NA	NA	NA	NA	125238940	125239533	114,70,87,181,254,274	122,105,89,181,150,227	0,0,0,0,0,0	727,1534,1209,374,640,965	NA	NA	NA	NA	NA	8333	chr9	-	NA	NA	NA	NA	NA	NA	8333	119,165,225	813,2502,1322	198,265,420	355,613,645	238	149	0	0	0.084,0.04,0.096	0.259,0.213,0.29	-0.181	NA	NA	NA	NA	0	-0.181	0.07333333333333333	0.254	7642	NA	NA	NA	NA	125238940	125239331	125239420	125239533	NA	NA	NA	NA	NA	NA	NA	125238940	125239533	58,107,128,122,184,262	80,124,162,144,164,276	0,0,0,0,0,6	813,2502,1322,355,613,645	NA	NA	NA	NA	NA
8335	ENSG00000044574.9	HSPA5	chr9	-	NA	NA	NA	NA	NA	NA	8335	273,273,235	396,813,588	430,540,565	239,334,441	515	149	0	0	0.166,0.089,0.104	0.342,0.319,0.27	-0.191	NA	NA	NA	NA	RI	chr9|-|125239420|125240907|125239420|125240309|125240675|125240907	0	-0.191	0.11966666666666667	0.31033333333333335	5127	NA	NA	NA	NA	125239420	125240309	125240675	125240907	NA	NA	NA	NA	NA	NA	NA	125239420	125240907	26,38,42,88,90,94	20,49,49,52,78,57	227,186,144,290,372,414	396,813,588,239,334,441	NA	NA	NA	NA	NA	8335	chr9	-	NA	NA	NA	NA	NA	NA	8335	257,259,374	400,1091,671	429,622,593	168,335,416	515	149	0	0	0.157,0.064,0.139	0.425,0.349,0.292	-0.235	NA	NA	NA	NA	0	-0.235	0.12000000000000001	0.35533333333333333	5615	NA	NA	NA	NA	125239420	125240309	125240675	125240907	NA	NA	NA	NA	NA	NA	NA	125239420	125240907	27,14,33,59,126,74	28,21,40,44,52,61	202,224,301,326,444,458	400,1091,671,168,335,416	NA	NA	NA	NA	NA
8470	ENSG00000099246.18	RAB18	chr10	+	NA	NA	NA	NA	NA	NA	8470	1180,1184,1183	83,61,62	1253,1056,1422	50,25,60	5766	149	0.0039249313464	0.01690145998323371	0.269,0.334,0.33	0.393,0.522,0.38	-0.121	NA	NA	NA	NA	RI	chr10|+|27526827|27532579|27526827|27526889|27532506|27532579	0.01690145998323371	-0.121	0.311	0.4316666666666667	7619	NA	NA	NA	NA	27526827	27526889	27532506	27532579	NA	NA	NA	NA	NA	NA	NA	27526827	27532579	17,7,23,13,30,10	81,38,44,66,66,52	1082,1139,1116,1174,960,1360	83,61,62,50,25,60	NA	NA	NA	NA	NA	8470	chr10	+	NA	NA	NA	NA	NA	NA	8470	741,998,939	84,69,87	1023,891,1044	42,59,25	5766	149	4.10387494552e-4	0.00251351935050662	0.186,0.272,0.218	0.386,0.281,0.519	-0.17	NA	NA	NA	NA	0.00251351935050662	-0.17	0.22533333333333333	0.39533333333333337	6002	NA	NA	NA	NA	27526827	27526889	27532506	27532579	NA	NA	NA	NA	NA	NA	NA	27526827	27532579	13,7,8,19,12,10	21,56,79,38,73,38	707,935,852,966,806,996	84,69,87,42,59,25	NA	NA	NA	NA	NA
8543	ENSG00000165637.14	VDAC2	chr10	+	NA	NA	NA	NA	NA	NA	8543	176,169,244	95,152,150	118,183,285	71,78,88	237	149	0.0120175790612	0.04146102218936728	0.538,0.411,0.506	0.511,0.596,0.671	-0.108	NA	NA	NA	NA	RI	chr10|+|75219062|75219356|75219062|75219215|75219303|75219356	0.04146102218936728	-0.108	0.485	0.5926666666666667	1809	NA	NA	NA	NA	75219062	75219215	75219303	75219356	NA	NA	NA	NA	NA	NA	NA	75219062	75219356	109,108,165,85,108,157	134,125,168,83,133,227	0,0,0,0,0,0	95,152,150,71,78,88	NA	NA	NA	NA	NA	8543	chr10	+	NA	NA	NA	NA	NA	NA	8543	101,161,255	105,230,135	151,147,198	74,68,101	237	149	0.00325195765562	0.01429299292743026	0.377,0.306,0.543	0.562,0.576,0.552	-0.155	NA	NA	NA	NA	0.01429299292743026	-0.155	0.4086666666666667	0.5633333333333334	1726	NA	NA	NA	NA	75219062	75219215	75219303	75219356	NA	NA	NA	NA	NA	NA	NA	75219062	75219356	65,94,147,75,93,116	79,125,202,126,109,153	0,0,0,0,0,0	105,230,135,74,68,101	NA	NA	NA	NA	NA
