dataset	event_id	GeneID	event_type	inc_tx	exc_tx	alignment_score	len_inc	len_exc
UFM1_dependent_dPSI_positive	chrX|+|101098203|101098539|101098203|101098248|101098443|101098539	ENSG00000102384	RI	ENST00000682304	ENST00000403304	0.38666666666666666	29	75
UFM1_dependent_dPSI_positive	chr20|+|63737820|63738060|63737820|63737902|63737972|63738060	ENSG00000203896	RI	ENST00000487026	ENST00000309546	0.329153605015674	211	295
UFM1_dependent_dPSI_positive	chr19|+|44165587|44165807|44165587|44165613|44165756|44165807	ENSG00000167380	RI	ENST00000413984	ENST00000300823	1.0	94	94
UFM1_dependent_dPSI_positive	chr19|+|36101213|36102851|36101213|36101317|36101663|36102851	ENSG00000075702	RI	ENST00000587391	ENST00000270301	0.3115942028985507	483	1518
UFM1_dependent_dPSI_positive	chr19|-|35743154|35743345|35743154|35743205|35743295|35743345	ENSG00000161265	RI	ENST00000587987	ENST00000292879	0.13366336633663367	39	202
UFM1_dependent_dPSI_positive	chr19|+|35278697|35279074|35278697|35278792|35278969|35279074	ENSG00000105698	RI	ENST00000599471	ENST00000222305	0.5088161209068011	253	346
UFM1_dependent_dPSI_positive	chr19|-|18437598|18437988|18437598|18437760|18437859|18437988	ENSG00000105655	RI	ENST00000581800	ENST00000338128	0.2521150592216582	182	558
UFM1_dependent_dPSI_positive	chr19|-|18437859|18438162|18437859|18437988|18438092|18438162	ENSG00000105655	RI	ENST00000583534	ENST00000338128	0.26523297491039427	148	558
UFM1_dependent_dPSI_positive	chr19|-|49927693|49929504|49927693|49927815|49929325|49929504	ENSG00000213024	RI	ENST00000596217	ENST00000352066	1.0	522	522
UFM1_dependent_dPSI_positive	chr17|-|47816106|47816482|47816106|47816202|47816387|47816482	ENSG00000006025	RI	ENST00000613735	ENST00000007414	0.4156769596199525	357	842
UFM1_dependent_dPSI_positive	chr17|-|42329409|42329647|42329409|42329457|42329553|42329647	ENSG00000168610	RI	ENST00000677421	ENST00000264657	0.9600997506234414	802	770
UFM1_dependent_dPSI_positive	chr17|-|28556165|28556972|28556165|28556266|28556826|28556972	ENSG00000087111	RI	ENST00000706187	ENST00000268758	0.04883227176220807	471	41
UFM1_dependent_dPSI_positive	chr20|-|33659496|33659732|33659496|33659550|33659652|33659732	ENSG00000125967	RI	ENST00000246190	ENST00000375238	0.9141414141414141	396	362
UFM1_dependent_dPSI_positive	chr17|+|19281954|19283714|19281954|19282077|19282949|19283714	ENSG00000072134	RI	ENST00000395620	ENST00000314728	0.9110764430577223	584	641
UFM1_dependent_dPSI_positive	chr17|+|15700047|15700366|15700047|15700168|15700272|15700366	ENSG00000255104	RI	ENST00000413242	ENST00000412988	0.980806142034549	521	511
UFM1_dependent_dPSI_positive	chr16|-|70253267|70253800|70253267|70253381|70253713|70253800	ENSG00000090861	RI	ENST00000674768	ENST00000261772	0.5289256198347108	521	968
UFM1_dependent_dPSI_positive	chrX|+|12975109|12976361|12975109|12975168|12976245|12976361	ENSG00000205542	RI	ENST00000380636	ENST00000380633	1.0	44	44
UFM1_dependent_dPSI_positive	chr17|-|8232360|8233032|8232360|8232475|8232905|8233032	ENSG00000178971	RI	ENST00000699852	ENST00000449476	0.5412757973733584	615	1031
UFM1_dependent_dPSI_positive	chr15|-|74899991|74902786|74899991|74902063|74902603|74902786	ENSG00000178761	RI	ENST00000357635	ENST00000562698	0.8484848484848485	198	168
UFM1_dependent_dPSI_positive	chr14|-|24239668|24240155|24239668|24239931|24240063|24240155	ENSG00000092330	RI	ENST00000699695	ENST00000267415	0.22394678492239467	105	451
UFM1_dependent_dPSI_positive	chr14|-|24239681|24240875|24239681|24240330|24240418|24240875	ENSG00000092330	RI	ENST00000558566	ENST00000267415	0.30155210643015523	140	451
UFM1_dependent_dPSI_positive	chr14|+|24164062|24164955|24164062|24164134|24164586|24164955	ENSG00000213928	RI	ENST00000560542	ENST00000324076	0.16845878136200718	50	279
UFM1_dependent_dPSI_positive	chr22|+|24321287|24322918|24321287|24321323|24321404|24322918	ENSG00000100014	RI	ENST00000314328	ENST00000440893	0.1566696508504924	1117	175
UFM1_dependent_dPSI_positive	chr13|-|98855897|98860522|98855897|98856031|98860404|98860522	ENSG00000088387	RI	ENST00000630992	ENST00000339416	0.47421203438395415	705	1393
UFM1_dependent_dPSI_positive	chr13|+|37000785|37002309|37000785|37000822|37002272|37002309	ENSG00000120699	RI	ENST00000685624	ENST00000239893	0.12307692307692308	51	37
UFM1_dependent_dPSI_positive	chr13|+|20601704|20601933|20601704|20601748|20601850|20601933	ENSG00000032742	RI	ENST00000319980	ENST00000537103	0.4369747899159664	833	368
UFM1_dependent_dPSI_positive	chr12|+|57524028|57524416|57524028|57524092|57524279|57524416	ENSG00000166987	RI	ENST00000546632	ENST00000355673	0.05284147557328016	53	1003
UFM1_dependent_dPSI_positive	chr12|-|49186309|49186833|49186309|49186458|49186610|49186833	ENSG00000167552	RI	ENST00000546918	ENST00000295766	0.25934065934065936	231	451
UFM1_dependent_dPSI_positive	chr11|-|125102131|125102809|125102131|125102351|125102733|125102809	ENSG00000150433	RI	ENST00000524373	ENST00000279968	0.6086956521739131	70	115
UFM1_dependent_dPSI_positive	chr11|-|95862271|95865676|95862271|95862366|95865590|95865676	ENSG00000087053	RI	ENST00000675030	ENST00000346299	0.12130637636080871	86	643
UFM1_dependent_dPSI_positive	chr11|-|78441090|78443758|78441090|78441117|78443660|78443758	ENSG00000137513	RI	ENST00000695341	ENST00000281038	0.15513626834381553	104	477
UFM1_dependent_dPSI_positive	chr12|+|56157697|56157982|56157697|56157735|56157881|56157982	ENSG00000196465	RI	ENST00000553066	ENST00000550443	1.0	208	208
UFM1_dependent_dPSI_positive	chr11|+|64220219|64220669|64220219|64220326|64220435|64220669	ENSG00000149781	RI	ENST00000698866	ENST00000279227	0.2698650674662669	192	667
UFM1_dependent_dPSI_positive	chr11|+|61364251|61364518|61364251|61364315|61364432|61364518	ENSG00000149483	RI	ENST00000278826	ENST00000507563	0.13580246913580246	162	64
UFM1_dependent_dPSI_positive	chr11|+|8911188|8911671|8911188|8911223|8911443|8911671	ENSG00000166452	RI	ENST00000529876	ENST00000299576	0.7539267015706806	168	183
UFM1_dependent_dPSI_positive	chr14|+|20993117|20994063|20993117|20993191|20993968|20994063	ENSG00000165792	RI	ENST00000555640	ENST00000339374	0.3026315789473684	158	456
UFM1_dependent_dPSI_positive	chr19|-|1615284|1615821|1615284|1615515|1615685|1615821	ENSG00000071564	RI	ENST00000395423	ENST00000262965	0.8504936530324401	658	654
UFM1_dependent_dPSI_positive	chr19|-|1615284|1615821|1615284|1615520|1615685|1615821	ENSG00000071564	RI	ENST00000395423	ENST00000262965	0.8504936530324401	658	654
UFM1_dependent_dPSI_positive	chr19|-|1619110|1619474|1619110|1619234|1619315|1619474	ENSG00000071564	RI	ENST00000590436	ENST00000262965	0.3891336270190896	314	654
UFM1_dependent_dPSI_positive	chr19|+|17486562|17487335|17486562|17486957|17487099|17487335	ENSG00000130304	RI	ENST00000600277	ENST00000252595	0.3126934984520124	224	646
UFM1_dependent_dPSI_positive	chr2|+|85390137|85391748|85390137|85390265|85390759|85391748	ENSG00000115459	RI	ENST00000315658	ENST00000393852	0.8129675810473815	391	381
UFM1_dependent_dPSI_positive	chr3|+|48465486|48467645|48465486|48466309|48466629|48467645	ENSG00000164053	RI	ENST00000320211	ENST00000346691	0.965865992414665	791	764
UFM1_dependent_dPSI_positive	chr1|+|145826453|145826709|145826453|145826492|145826605|145826709	ENSG00000186141	RI	ENST00000334163	ENST00000466003	0.11610486891385768	534	62
UFM1_dependent_dPSI_positive	chr2|-|27449293|27449562|27449293|27449380|27449498|27449562	ENSG00000138002	RI	ENST00000675410	ENST00000260570	0.40480274442538594	715	1749
UFM1_dependent_dPSI_positive	chr12|+|69812777|69813033|69812777|69812877|69812963|69813033	ENSG00000127328	RI	ENST00000526994	ENST00000247833	0.3217391304347826	189	460
UFM1_dependent_dPSI_positive	chr17|+|7688476|7689079|7688476|7688561|7688647|7689079	ENSG00000141499	RI	ENST00000534050	ENST00000316024	0.9397810218978102	515	548
UFM1_dependent_dPSI_positive	chr2|-|9521202|9523338|9521202|9521321|9523248|9523338	ENSG00000151694	RI	ENST00000699317	ENST00000310823	0.25485436893203883	212	824
UFM1_dependent_dPSI_positive	chr1|+|3883506|3885429|3883506|3883800|3885037|3885429	ENSG00000169598	RI	ENST00000339350	ENST00000338895	0.26170798898071623	116	362
UFM1_dependent_dPSI_positive	chr1|+|161213863|161214299|161213863|161213921|161214155|161214299	ENSG00000158864	RI	ENST00000677138	ENST00000367993	0.8034557235421166	372	463
UFM1_dependent_dPSI_positive	chr20|+|21244244|21246622|21244244|21244288|21246478|21246622	ENSG00000088970	RI	ENST00000616679	ENST00000611685	0.8189102564102564	521	624
UFM1_dependent_dPSI_positive	chr3|-|50349385|50349828|50349385|50349490|50349664|50349828	ENSG00000114388	RI	ENST00000451194	ENST00000232501	0.18110236220472442	87	380
UFM1_dependent_dPSI_positive	chr1|-|248855557|248855946|248855557|248855635|248855724|248855946	ENSG00000171163	RI	ENST00000412341	ENST00000306601	0.16377649325626203	105	519
UFM1_dependent_dPSI_positive	chr1|+|32204597|32205387|32204597|32204620|32205193|32205387	ENSG00000160050	RI	ENST00000421922	ENST00000373602	0.7634854771784232	241	200
UFM1_dependent_dPSI_positive	chr2|-|229858771|229859574|229858771|229858831|229858918|229859574	ENSG00000153827	RI	ENST00000283943	ENST00000343290	0.04969879518072289	1992	99
UFM1_dependent_dPSI_positive	chr14|-|35688458|35690003|35688458|35688540|35689835|35690003	ENSG00000174373	RI	ENST00000637992	ENST00000307138	0.8001573564122738	2495	2083
UFM1_dependent_dPSI_positive	chr1|+|1626836|1627207|1626836|1626999|1627073|1627207	ENSG00000197530	RI	ENST00000506488	ENST00000355826	0.4073298429319372	395	955
UFM1_dependent_dPSI_positive	chr1|-|1722587|1722831|1722587|1722634|1722707|1722831	ENSG00000008128	RI	ENST00000356200	ENST00000357760	0.9290240811153359	746	779
UFM1_dependent_dPSI_positive	chr4|+|128107138|128108901|128107138|128107313|128107882|128108901	ENSG00000138709	RI	ENST00000432347	ENST00000326639	0.37199124726477023	358	914
UFM1_dependent_dPSI_positive	chr11|-|134156751|134157095|134156751|134156818|134157017|134157095	ENSG00000151503	RI	ENST00000690149	ENST00000525964	0.13942307692307693	119	832
UFM1_dependent_dPSI_positive	chr9|+|131509902|131510415|131509902|131509996|131510259|131510415	ENSG00000130714	RI	ENST00000677295	ENST00000341012	0.028315946348733235	41	671
UFM1_dependent_dPSI_positive	chr20|-|44619521|44620401|44619521|44619847|44620298|44620401	ENSG00000196839	RI	ENST00000695992	ENST00000372874	0.721763085399449	263	363
UFM1_dependent_dPSI_positive	chr5|-|179853196|179853437|179853196|179853276|179853377|179853437	ENSG00000161010	RI	ENST00000522157	ENST00000292586	0.1836734693877551	93	343
UFM1_dependent_dPSI_positive	chr11|+|563188|563478|563188|563317|563395|563478	ENSG00000099849	RI	ENST00000531112	ENST00000397582	0.5727002967359051	194	337
UFM1_dependent_dPSI_positive	chr1|+|7829836|7830161|7829836|7829951|7830005|7830161	ENSG00000049246	RI	ENST00000361923	ENST00000377532	0.9925619834710744	1201	1210
UFM1_dependent_dPSI_positive	chr1|-|11680352|11680613|11680352|11680471|11680561|11680613	ENSG00000116670	RI	ENST00000445656	ENST00000235310	0.6929460580912863	197	211
UFM1_dependent_dPSI_positive	chr1|-|153976692|153977013|153976692|153976775|153976975|153977013	ENSG00000143543	RI	ENST00000356648	ENST00000271843	0.7671232876712328	117	146
UFM1_dependent_dPSI_positive	chr1|-|154601040|154602626|154601040|154601888|154602035|154602626	ENSG00000160710	RI	ENST00000368471	ENST00000648871	0.37593984962406013	931	350
UFM1_dependent_dPSI_positive	chr2|+|15627053|15628839|15627053|15628710|15628796|15628839	ENSG00000079785	RI	ENST00000677355	ENST00000233084	0.4702702702702703	358	740
UFM1_dependent_dPSI_positive	chr1|+|235435744|235436608|235435744|235435840|235436385|235436608	ENSG00000284770	RI	ENST00000644037	ENST00000366601	0.26939655172413796	127	464
UFM1_dependent_dPSI_positive	chr1|+|235436385|235436608|235436385|235436450|235436543|235436608	ENSG00000284770	RI	ENST00000644838	ENST00000366601	0.3484848484848485	311	464
UFM1_dependent_dPSI_positive	chr1|+|43995600|43995856|43995600|43995670|43995777|43995856	ENSG00000159214	RI	ENST00000463846	ENST00000372318	0.1563517915309446	59	307
UFM1_dependent_dPSI_positive	chr8|+|11769709|11770335|11769709|11769791|11770173|11770335	ENSG00000154328	RI	ENST00000284503	ENST00000403422	0.8162650602409639	332	271
UFM1_dependent_dPSI_positive	chr2|-|38602437|38603036|38602437|38602600|38602856|38603036	ENSG00000143889	RI	ENST00000608859	ENST00000358367	0.9870848708487084	542	537
UFM1_dependent_dPSI_positive	chr5|+|43161248|43161931|43161248|43161613|43161708|43161931	ENSG00000172262	RI	ENST00000507218	ENST00000306938	0.13582342954159593	83	589
UFM1_dependent_dPSI_positive	chr3|+|128909343|128910149|128909343|128909421|128910020|128910149	ENSG00000177646	RI	ENST00000681886	ENST00000308982	0.355877616747182	234	621
UFM1_dependent_dPSI_positive	chr5|+|140668233|140668502|140668233|140668334|140668414|140668502	ENSG00000120314	RI	ENST00000506393	ENST00000358337	0.2924281984334204	137	383
UFM1_dependent_dPSI_positive	chr5|-|95516524|95517060|95516524|95516586|95516671|95517060	ENSG00000198677	RI	ENST00000513232	ENST00000358746	0.26278772378516624	415	1564
UFM1_dependent_dPSI_positive	chr11|+|709552|710486|709552|709608|710421|710486	ENSG00000177106	RI	ENST00000526909	ENST00000318562	0.04895104895104895	35	715
UFM1_dependent_dPSI_positive	chr14|+|103334236|103334597|103334236|103334260|103334388|103334597	ENSG00000100664	RI	ENST00000560763	ENST00000216554	0.11832946635730858	51	431
UFM1_dependent_dPSI_positive	chr4|-|127920556|127921771|127920556|127920836|127921523|127921771	ENSG00000164073	RI	ENST00000641870	ENST00000296468	0.38803088803088803	229	518
UFM1_dependent_dPSI_positive	chr7|-|103099775|103103554|103099775|103103122|103103423|103103554	ENSG00000161048	RI	ENST00000465647	ENST00000341533	1.0	393	393
UFM1_dependent_dPSI_positive	chr12|-|6333068|6333516|6333068|6333147|6333366|6333516	ENSG00000067182	RI	ENST00000440083	ENST00000162749	0.8617424242424242	528	455
UFM1_dependent_dPSI_positive	chr19|+|38403337|38403694|38403337|38403486|38403559|38403694	ENSG00000130244	RI	ENST00000589029	ENST00000252530	0.045454545454545456	56	349
UFM1_dependent_dPSI_positive	chr7|-|44074130|44074530|44074130|44074220|44074397|44074530	ENSG00000122678	RI	ENST00000434229	ENST00000242248	0.4716599190283401	233	494
UFM1_dependent_dPSI_positive	chr7|+|66075833|66076093|66075833|66075856|66076038|66076093	ENSG00000126522	RI	ENST00000672498	ENST00000304874	0.33189655172413796	163	464
UFM1_dependent_dPSI_positive	chr8|-|143612617|143613295|143612617|143612965|143613195|143613295	ENSG00000104522	RI	ENST00000524719	ENST00000425753	0.18691588785046728	64	321
UFM1_dependent_dPSI_positive	chr7|-|151565345|151565885|151565345|151565383|151565719|151565885	ENSG00000106617	RI	ENST00000651836	ENST00000287878	0.14235500878734622	92	569
UFM1_dependent_dPSI_positive	chr8|+|17280238|17280443|17280238|17280297|17280374|17280443	ENSG00000155975	RI	ENST00000425020	ENST00000324849	0.3765586034912718	185	397
UFM1_dependent_dPSI_positive	chr8|-|143574784|143575345|143574784|143575093|143575229|143575345	ENSG00000147813	RI	ENST00000435154	ENST00000340490	0.8304794520547946	490	584
UFM1_dependent_dPSI_positive	chr1|+|154990158|154990528|154990158|154990257|154990338|154990528	ENSG00000160688	RI	ENST00000368428	ENST00000292180	0.21805792163543442	128	587
UFM1_dependent_dPSI_positive	chr2|+|219505457|219505761|219505457|219505555|219505714|219505761	ENSG00000144591	RI	ENST00000373917	ENST00000313597	0.8879492600422833	473	420
UFM1_dependent_dPSI_positive	chr2|+|73828966|73829510|73828966|73829070|73829404|73829510	ENSG00000124356	RI	ENST00000683718	ENST00000339566	0.25	128	424
UFM1_dependent_dPSI_positive	chr10|+|24544980|24547843|24544980|24545103|24545826|24547843	ENSG00000120549	RI	ENST00000376451	ENST00000307544	0.6361774744027304	1465	932
UFM1_dependent_dPSI_positive	chr2|-|219174777|219175108|219174777|219174906|219174987|219175108	ENSG00000115649	RI	ENST00000451647	ENST00000360507	0.585812356979405	283	410
UFM1_dependent_dPSI_positive	chr10|-|73575511|73576361|73575511|73575675|73575797|73576361	ENSG00000166348	RI	ENST00000680396	ENST00000339859	0.831353919239905	1413	1684
UFM1_dependent_dPSI_positive	chr19|-|35499957|35500580|35499957|35500029|35500532|35500580	ENSG00000161249	RI	ENST00000490622	ENST00000339686	0.031512605042016806	36	476
UFM1_dependent_dPSI_positive	chr20|-|32702702|32704071|32702702|32703458|32704022|32704071	ENSG00000149600	RI	ENST00000610160	ENST00000278980	0.205	57	200
UFM1_dependent_dPSI_negative	chrX|+|101531643|101533459|101531643|101532012|101533083|101533459	ENSG00000196440	RI	ENST00000433011	ENST00000354842	1.0	256	256
UFM1_dependent_dPSI_negative	chrX|-|38287093|38288041|38287093|38287245|38287860|38288041	ENSG00000156313	RI	ENST00000339363	ENST00000474584	0.46862745098039216	1020	480
UFM1_dependent_dPSI_negative	chr19|+|35766767|35768065|35766767|35766955|35767071|35768065	ENSG00000167595	RI	ENST00000620918	ENST00000396908	0.65625	324	480
UFM1_dependent_dPSI_negative	chr17|+|47619008|47619784|47619008|47619164|47619736|47619784	ENSG00000141279	RI	ENST00000677710	ENST00000322157	0.14332247557003258	166	919
UFM1_dependent_dPSI_negative	chr21|+|39405913|39406731|39405913|39406058|39406561|39406731	ENSG00000182093	RI	ENST00000649100	ENST00000415847	0.34104046242774566	103	139
UFM1_dependent_dPSI_negative	chr12|+|6457405|6457744|6457405|6457543|6457668|6457744	ENSG00000139192	RI	ENST00000266556	ENST00000544021	0.3617021276595745	468	185
UFM1_dependent_dPSI_negative	chr16|+|67228796|67229278|67228796|67228836|67228975|67229278	ENSG00000168701	RI	ENST00000565201	ENST00000304800	0.7630057803468208	140	173
UFM1_dependent_dPSI_negative	chr11|-|66284579|66284966|66284579|66284783|66284872|66284966	ENSG00000174851	RI	ENST00000471387	ENST00000359461	0.19672131147540983	158	241
UFM1_dependent_dPSI_negative	chr11|+|47161126|47162247|47161126|47161190|47161463|47162247	ENSG00000149179	RI	ENST00000395460	ENST00000278460	0.8277945619335347	274	331
UFM1_dependent_dPSI_negative	chr16|+|406684|406952|406684|406833|406889|406952	ENSG00000242612	RI	ENST00000445291	ENST00000219481	0.23972602739726026	81	292
UFM1_dependent_dPSI_negative	chr2|-|190974829|190975887|190974829|190975388|190975811|190975887	ENSG00000115415	RI	ENST00000698146	ENST00000361099	0.06666666666666667	62	750
UFM1_dependent_dPSI_negative	chr6|+|73479935|73480367|73479935|73480126|73480317|73480367	ENSG00000135297	RI	ENST00000679352	ENST00000370300	0.25523012552301255	192	717
UFM1_dependent_dPSI_negative	chr14|-|77283796|77285041|77283796|77283987|77284100|77285041	ENSG00000009830	RI	ENST00000682382	ENST00000261534	0.244	199	750
UFM1_dependent_dPSI_negative	chr1|-|108962308|108963453|108962308|108962469|108963360|108963453	ENSG00000121940	RI	ENST00000676306	ENST00000302500	0.32127659574468087	255	430
UFM1_dependent_dPSI_negative	chr1|-|108962308|108963467|108962308|108962469|108963380|108963467	ENSG00000121940	RI	ENST00000689103	ENST00000302500	0.7262931034482759	431	430
UFM1_dependent_dPSI_negative	chr1|-|19239230|19239985|19239230|19239302|19239817|19239985	ENSG00000127463	RI	ENST00000685099	ENST00000375199	0.036290322580645164	36	992
UFM1_dependent_dPSI_negative	chr1|-|235826339|235830424|235826339|235829039|235830225|235830424	ENSG00000143669	RI	ENST00000697182	ENST00000389793	0.019205472244146277	77	3801
UFM1_dependent_dPSI_negative	chr2|-|110163047|110164730|110163047|110163132|110164687|110164730	ENSG00000144061	RI	ENST00000675067	ENST00000316534	0.5593451568894953	410	733
UFM1_dependent_dPSI_negative	chr10|-|32932514|32933583|32932514|32932600|32933481|32933583	ENSG00000150093	RI	ENST00000474568	ENST00000302278	0.9471744471744472	809	798
UFM1_dependent_dPSI_negative	chr1|+|156731990|156732473|156731990|156732115|156732280|156732473	ENSG00000143303	RI	ENST00000484742	ENST00000368216	0.21052631578947367	100	475
UFM1_dependent_dPSI_negative	chr10|-|103097290|103098984|103097290|103097374|103098930|103098984	ENSG00000076685	RI	ENST00000674728	ENST00000343289	0.1051693404634581	62	561
UFM1_dependent_dPSI_negative	chr10|-|101023435|101024068|101023435|101023610|101023927|101024068	ENSG00000186862	RI	ENST00000474125	ENST00000370215	0.24564796905222436	133	517
UFM1_dependent_dPSI_negative	chr6|-|31156730|31157089|31156730|31156836|31157022|31157089	ENSG00000204536	RI	ENST00000428174	ENST00000376266	0.12376237623762376	126	782
UFM1_dependent_dPSI_negative	chr7|-|44074130|44074530|44074130|44074233|44074397|44074530	ENSG00000122678	RI	ENST00000434229	ENST00000242248	0.4716599190283401	233	494
UFM1_dependent_dPSI_negative	chr8|+|74361883|74363053|74361883|74361978|74362938|74363053	ENSG00000104381	RI	ENST00000674926	ENST00000220822	0.164804469273743	60	358
UFM1_dependent_dPSI_negative	chr9|+|130700866|130702310|130700866|130700935|130702133|130702310	ENSG00000130713	RI	ENST00000687420	ENST00000372351	0.28517110266159695	75	263
UFM1_independent_dPSI_positive	chrX|+|154420031|154420264|154420031|154420094|154420211|154420264	ENSG00000102125	RI	ENST00000369776	ENST00000426231	0.0749063670411985	262	34
UFM1_independent_dPSI_positive	chr22|-|50245674|50246092|50245674|50245827|50245909|50246092	ENSG00000100429	RI	ENST00000454936	ENST00000216271	0.5919282511210763	396	669
UFM1_independent_dPSI_positive	chr20|-|63698642|63700702|63698642|63700530|63700601|63700702	ENSG00000101246	RI	ENST00000614942	ENST00000607873	0.35323383084577115	121	154
UFM1_independent_dPSI_positive	chr20|+|43536096|43536458|43536096|43536294|43536408|43536458	ENSG00000185513	RI	ENST00000648421	ENST00000373134	0.31090174966352624	232	743
UFM1_independent_dPSI_positive	chr19|+|48921153|48921932|48921153|48921324|48921826|48921932	ENSG00000104805	RI	ENST00000706758	ENST00000405315	0.8524945770065075	401	461
UFM1_independent_dPSI_positive	chr19|+|44819581|44820822|44819581|44819726|44820704|44820822	ENSG00000187244	RI	ENST00000611077	ENST00000270233	0.9363057324840764	588	628
UFM1_independent_dPSI_positive	chr17|-|81189596|81189975|81189596|81189843|81189914|81189975	ENSG00000141577	RI	ENST00000570817	ENST00000269392	0.2547597461468722	307	1083
UFM1_independent_dPSI_positive	chr17|+|4890221|4890735|4890221|4890308|4890516|4890735	ENSG00000141503	RI	ENST00000571207	ENST00000347992	0.2684049079754601	381	1303
UFM1_independent_dPSI_positive	chr16|+|58515790|58516097|58515790|58515880|58515952|58516097	ENSG00000103037	RI	ENST00000219315	ENST00000310682	0.9492600422832981	473	449
UFM1_independent_dPSI_positive	chr16|-|56498436|56499907|56498436|56498568|56499777|56499907	ENSG00000125124	RI	ENST00000682735	ENST00000245157	0.30374479889042993	237	721
UFM1_independent_dPSI_positive	chr15|-|90980883|90981669|90980883|90981033|90981498|90981669	ENSG00000284946	RI	ENST00000647331	ENST00000643536	1.0	599	599
UFM1_independent_dPSI_positive	chr21|+|41421837|41422095|41421837|41421871|41421974|41422095	ENSG00000157601	RI	ENST00000398600	ENST00000413778	1.0	662	662
UFM1_independent_dPSI_positive	chr13|+|50953904|50956503|50953904|50953985|50956357|50956503	ENSG00000136104	RI	ENST00000616907	ENST00000336617	0.8878205128205128	289	312
UFM1_independent_dPSI_positive	chr11|+|85635666|85636536|85635666|85635778|85636045|85636536	ENSG00000171204	RI	ENST00000534341	ENST00000358867	0.7391304347826086	170	230
UFM1_independent_dPSI_positive	chr11|+|61366044|61367998|61366044|61366216|61367922|61367998	ENSG00000149483	RI	ENST00000689076	ENST00000278826	0.6234567901234568	105	162
UFM1_independent_dPSI_positive	chr16|+|28835932|28837237|28835932|28836485|28836727|28837237	ENSG00000168488	RI	ENST00000565971	ENST00000325215	0.14124293785310735	217	1062
UFM1_independent_dPSI_positive	chr14|+|20995900|20996292|20995900|20995951|20996208|20996292	ENSG00000165792	RI	ENST00000555640	ENST00000339374	0.3026315789473684	158	456
UFM1_independent_dPSI_positive	chr11|+|66531655|66532219|66531655|66531742|66531950|66532219	ENSG00000174483	RI	ENST00000393994	ENST00000318312	0.7419898819561551	446	593
UFM1_independent_dPSI_positive	chr16|-|89770165|89770634|89770165|89770259|89770563|89770634	ENSG00000187741	RI	ENST00000561667	ENST00000389301	0.43131868131868134	643	1455
UFM1_independent_dPSI_positive	chr16|-|89798950|89799232|89798950|89799079|89799165|89799232	ENSG00000187741	RI	ENST00000566409	ENST00000389301	0.021993127147766325	41	1455
UFM1_independent_dPSI_positive	chr3|+|50061461|50062108|50061461|50061547|50061961|50062108	ENSG00000004534	RI	ENST00000454079	ENST00000266022	0.6090828138913624	697	1123
UFM1_independent_dPSI_positive	chr3|-|49418970|49419405|49418970|49419151|49419259|49419405	ENSG00000145020	RI	ENST00000637821	ENST00000273588	0.09181141439205956	39	403
UFM1_independent_dPSI_positive	chr9|-|113186248|113187899|113186248|113186363|113187792|113187899	ENSG00000119321	RI	ENST00000686727	ENST00000238256	0.29614438063986875	363	1219
UFM1_independent_dPSI_positive	chr14|+|88567857|88568153|88567857|88567916|88568038|88568153	ENSG00000100722	RI	ENST00000554602	ENST00000251038	0.09782608695652174	72	736
UFM1_independent_dPSI_positive	chr3|+|9745572|9745930|9745572|9745709|9745811|9745930	ENSG00000156983	RI	ENST00000672515	ENST00000383829	0.9712918660287081	1253	1220
UFM1_independent_dPSI_positive	chr17|-|27878357|27880366|27878357|27879490|27880273|27880366	ENSG00000232859	RI	ENST00000460380	ENST00000379102	0.8488372093023255	86	78
UFM1_independent_dPSI_positive	chr11|-|6600925|6601602|6600925|6601055|6601148|6601602	ENSG00000132275	RI	ENST00000533907	ENST00000254605	0.6710526315789473	306	456
UFM1_independent_dPSI_positive	chr17|-|58206464|58207218|58206464|58206547|58207084|58207218	ENSG00000011143	RI	ENST00000677111	ENST00000313863	0.6798245614035088	317	456
UFM1_independent_dPSI_positive	chr3|-|50349385|50349828|50349385|50349494|50349664|50349828	ENSG00000114388	RI	ENST00000451194	ENST00000232501	0.18110236220472442	87	380
UFM1_independent_dPSI_positive	chr12|+|31103576|31104791|31103576|31103731|31103806|31104791	ENSG00000013573	RI	ENST00000435753	ENST00000228264	0.24282560706401765	288	880
UFM1_independent_dPSI_positive	chr1|+|109626725|109627316|109626725|109626912|109627174|109627316	ENSG00000116337	RI	ENST00000679981	ENST00000256578	0.04242424242424243	38	825
UFM1_independent_dPSI_positive	chr1|+|109628082|109629235|109628082|109628806|109629108|109629235	ENSG00000116337	RI	ENST00000681181	ENST00000256578	0.04242424242424243	38	825
UFM1_independent_dPSI_positive	chr1|+|23082219|23083632|23082219|23082366|23082449|23083632	ENSG00000004487	RI	ENST00000691404	ENST00000356634	0.9139908256880734	840	852
UFM1_independent_dPSI_positive	chr5|-|179837275|179840959|179837275|179837885|179840871|179840959	ENSG00000161010	RI	ENST00000518219	ENST00000292586	0.5422740524781341	192	343
UFM1_independent_dPSI_positive	chr3|-|49015818|49016086|49015818|49015872|49015972|49016086	ENSG00000178149	RI	ENST00000440857	ENST00000313778	0.8367346938775511	386	376
UFM1_independent_dPSI_positive	chr2|-|9406660|9407598|9406660|9406905|9407448|9407598	ENSG00000119185	RI	ENST00000359712	ENST00000238091	0.7119565217391305	184	150
UFM1_independent_dPSI_positive	chr2|-|27071325|27071649|27071325|27071463|27071600|27071649	ENSG00000228474	RI	ENST00000429985	ENST00000447619	1.0	37	37
UFM1_independent_dPSI_positive	chr7|-|93145384|93147146|93145384|93146040|93146882|93147146	ENSG00000177409	RI	ENST00000699641	ENST00000318238	1.0	1584	1584
UFM1_independent_dPSI_positive	chr1|+|226897719|226899555|226897719|226897829|226898354|226899555	ENSG00000143801	RI	ENST00000676747	ENST00000676945	0.7552182163187856	399	527
UFM1_independent_dPSI_positive	chr1|-|232984135|232986540|232984135|232984477|232986091|232986540	ENSG00000135749	RI	ENST00000344698	ENST00000258229	0.34060324825986077	777	2137
UFM1_independent_dPSI_positive	chr11|-|61967311|61967631|61967311|61967371|61967457|61967631	ENSG00000167996	RI	ENST00000529191	ENST00000273550	0.31521739130434784	102	183
UFM1_independent_dPSI_positive	chr17|+|80415452|80415821|80415452|80415518|80415649|80415821	ENSG00000173818	RI	ENST00000522200	ENST00000323854	0.4810606060606061	155	264
UFM1_independent_dPSI_positive	chr11|-|119097141|119097551|119097141|119097297|119097463|119097551	ENSG00000172269	RI	ENST00000684142	ENST00000354202	0.24019607843137256	102	408
UFM1_independent_dPSI_positive	chr9|+|744490|746090|744490|744589|745172|746090	ENSG00000107104	RI	ENST00000687662	ENST00000382286	0.30303030303030304	1188	375
UFM1_independent_dPSI_positive	chr6|-|158116184|158117821|158116184|158116282|158117726|158117821	ENSG00000122335	RI	ENST00000607742	ENST00000367101	0.07156308851224105	42	531
UFM1_independent_dPSI_positive	chr7|-|128350324|128352678|128350324|128351414|128352448|128352678	ENSG00000224940	RI	ENST00000446477	ENST00000480290	0.2680301399354144	899	419
UFM1_independent_dPSI_positive	chr19|-|10356567|10357918|10356567|10356718|10357763|10357918	ENSG00000105397	RI	ENST00000699355	ENST00000524462	0.35130581297388375	606	1002
UFM1_independent_dPSI_positive	chr2|-|58161521|58163517|58161521|58161638|58162865|58163517	ENSG00000115392	RI	ENST00000696342	ENST00000233741	0.104	52	375
UFM1_independent_dPSI_positive	chr2|-|58162865|58163517|58162865|58163074|58163433|58163517	ENSG00000115392	RI	ENST00000696306	ENST00000233741	0.336	127	375
UFM1_independent_dPSI_positive	chr8|+|144359622|144360493|144359622|144359726|144360171|144360493	ENSG00000185803	RI	ENST00000329994	ENST00000524541	0.1550561797752809	445	69
UFM1_independent_dPSI_positive	chr8|-|144423616|144424132|144423616|144423922|144424040|144424132	ENSG00000160948	RI	ENST00000529182	ENST00000292510	0.7824267782426778	233	221
UFM1_independent_dPSI_positive	chr8|-|144424214|144424819|144424214|144424268|144424717|144424819	ENSG00000160948	RI	ENST00000526204	ENST00000292510	0.1583710407239819	35	221
UFM1_independent_dPSI_positive	chr9|+|136857978|136858546|136857978|136858097|136858399|136858546	ENSG00000177943	RI	ENST00000479475	ENST00000317446	0.2022867194371152	236	1137
UFM1_independent_dPSI_positive	chr2|-|99402243|99402800|99402243|99402346|99402643|99402800	ENSG00000135945	RI	ENST00000413697	ENST00000258428	0.05435651478816946	69	1251
UFM1_independent_dPSI_positive	chr19|-|43766532|43767707|43766532|43767089|43767539|43767707	ENSG00000104783	RI	ENST00000600909	ENST00000598836	0.3575757575757576	59	165
UFM1_independent_dPSI_positive	chr10|+|75176065|75182123|75176065|75176216|75176387|75182123	ENSG00000156671	RI	ENST00000372687	ENST00000542569	0.7662650602409639	326	415
UFM1_independent_dPSI_positive	chr19|-|35510183|35510510|35510183|35510252|35510378|35510510	ENSG00000161249	RI	ENST00000461300	ENST00000339686	0.058823529411764705	33	476
UFM1_independent_dPSI_positive	chr10|+|120905875|120906855|120905875|120906021|120906775|120906855	ENSG00000120008	RI	ENST00000497136	ENST00000263461	0.13562091503267973	199	1224
UFM1_independent_dPSI_positive	chr11|-|799814|800244|799814|800014|800130|800244	ENSG00000177595	RI	ENST00000534649	ENST00000347755	0.11648351648351649	108	910
UFM1_independent_dPSI_negative	chrX|-|57119681|57120631|57119681|57120101|57120404|57120631	ENSG00000186787	RI	ENST00000434397	ENST00000275988	1.0	258	258
UFM1_independent_dPSI_negative	chr17|-|81845143|81845742|81845143|81845230|81845560|81845742	ENSG00000185624	RI	ENST00000679366	ENST00000331483	0.5039370078740157	270	508
UFM1_independent_dPSI_negative	chr11|+|72094947|72096895|72094947|72095096|72095378|72096895	ENSG00000184154	RI	ENST00000324866	ENST00000289488	0.7604166666666666	146	192
UFM1_independent_dPSI_negative	chr19|+|17486562|17487335|17486562|17486957|17487173|17487335	ENSG00000130304	RI	ENST00000600277	ENST00000252595	0.3126934984520124	224	646
UFM1_independent_dPSI_negative	chr6|+|73479935|73480367|73479935|73480126|73480292|73480367	ENSG00000135297	RI	ENST00000679352	ENST00000370300	0.25523012552301255	192	717
UFM1_independent_dPSI_negative	chr6|-|43675201|43675617|43675201|43675271|43675493|43675617	ENSG00000096080	RI	ENST00000427312	ENST00000372116	0.4790874524714829	263	127
UFM1_independent_dPSI_negative	chr8|+|25460239|25460554|25460239|25460300|25460383|25460554	ENSG00000184661	RI	ENST00000380665	ENST00000330560	0.9824046920821115	1008	1023
UFM1_independent_dPSI_negative	chr7|+|75986158|75986855|75986158|75986241|75986336|75986855	ENSG00000127948	RI	ENST00000394893	ENST00000412064	0.31587301587301586	630	208
UFM1_independent_dPSI_negative	chr1|-|151773493|151774504|151773493|151774227|151774412|151774504	ENSG00000182134	RI	ENST00000368824	ENST00000368822	1.0	561	561
UFM1_independent_dPSI_negative	chr10|-|32932514|32933583|32932514|32932600|32933350|32933583	ENSG00000150093	RI	ENST00000474568	ENST00000302278	0.9471744471744472	809	798
UFM1_independent_dPSI_negative	chr5|+|140691452|140691756|140691452|140691515|140691606|140691756	ENSG00000112855	RI	ENST00000642752	ENST00000230771	0.9347826086956522	473	506
