Basic_Density	Proline_Density	Net_Charge_Density	Rare_Codon_Density	Hydrophobicity	Poly_Basic	Poly_Pro	Poly_Gly	DiPeptide_Slow	Group
0.10084033613445378	0.03081232492997199	0.036414565826330535	0.008403361344537815	0.1985994397759104	0	0	0	0	UFM1_dependent
0.14814814814814814	0.0	0.14814814814814814	0.0	0.9703703703703709	0	0	0	0	UFM1_dependent
0.24878048780487805	0.014634146341463415	0.1951219512195122	0.0	-0.5604878048780488	0	0	0	0	UFM1_dependent
0.1111111111111111	0.06349206349206349	0.09523809523809523	0.015873015873015872	0.31746031746031744	0	0	0	1	UFM1_dependent
0.13846153846153847	0.09230769230769231	0.1076923076923077	0.03076923076923077	-0.12461538461538461	0	0	0	1	UFM1_dependent
0.11072664359861592	0.04152249134948097	0.06920415224913495	0.006920415224913495	0.4397923875432519	0	0	1	1	UFM1_dependent
0.15789473684210525	0.05263157894736842	0.10526315789473684	0.02631578947368421	-0.2342105263157892	0	0	0	1	UFM1_dependent
0.109375	0.1875	0.09375	0.0625	-0.06484375	0	0	0	1	UFM1_dependent
0.10714285714285714	0.10714285714285714	0.10714285714285714	0.03571428571428571	-0.4285714285714287	0	0	0	1	UFM1_dependent
0.10256410256410256	0.07692307692307693	0.05128205128205128	0.0	-0.26410256410256416	0	0	0	1	UFM1_dependent
0.057692307692307696	0.019230769230769232	0.019230769230769232	0.0	0.9346153846153846	0	0	0	0	UFM1_dependent
0.12105263157894737	0.05789473684210526	0.05263157894736842	0.021052631578947368	-0.1326315789473684	1	0	0	1	UFM1_dependent
0.10434782608695652	0.14782608695652175	0.06086956521739131	0.017391304347826087	-0.5373913043478264	0	0	0	1	UFM1_dependent
0.10365853658536585	0.1402439024390244	0.07926829268292683	0.018292682926829267	-0.2603658536585366	0	0	0	1	UFM1_dependent
0.0684931506849315	0.1095890410958904	0.0273972602739726	0.0273972602739726	0.3863013698630137	0	0	0	1	UFM1_dependent
0.08695652173913043	0.043478260869565216	0.043478260869565216	0.0	-0.6652173913043479	0	0	0	0	UFM1_dependent
0.2222222222222222	0.037037037037037035	0.14814814814814814	0.037037037037037035	-1.0518518518518516	1	0	0	1	UFM1_dependent
0.046052631578947366	0.23684210526315788	0.03289473684210526	0.019736842105263157	0.49013157894736825	0	1	0	1	UFM1_dependent
0.1592920353982301	0.07079646017699115	0.07964601769911504	0.017699115044247787	-0.5203539823008854	0	0	1	1	UFM1_dependent
0.12195121951219512	0.0627177700348432	0.0627177700348432	0.024390243902439025	-0.01881533101045308	0	0	1	1	UFM1_dependent
0.038461538461538464	0.19230769230769232	0.0	0.0	-0.011538461538461588	0	0	0	0	UFM1_dependent
0.12	0.16	0.08	0.0	-1.188	0	0	0	1	UFM1_dependent
0.12643678160919541	0.011494252873563218	0.06896551724137931	0.0	0.26781609195402306	0	0	0	0	UFM1_dependent
0.12725450901803606	0.05410821643286573	0.04008016032064128	0.0070140280561122245	-0.30821643286573036	1	0	0	1	UFM1_dependent
0.1258741258741259	0.1048951048951049	0.08391608391608392	0.02097902097902098	-0.2174825174825173	0	0	1	1	UFM1_dependent
0.1724137931034483	0.0	0.10344827586206896	0.0	0.22758620689655168	0	0	0	0	UFM1_dependent
0.10416666666666667	0.16666666666666666	0.0625	0.020833333333333332	-0.13020833333333331	0	0	0	1	UFM1_dependent
0.11538461538461539	0.07692307692307693	0.07692307692307693	0.038461538461538464	-0.38846153846153836	0	0	0	1	UFM1_dependent
0.12284482758620689	0.03879310344827586	0.06465517241379311	0.008620689655172414	0.13103448275862065	0	0	0	1	UFM1_dependent
0.0658682634730539	0.029940119760479042	0.023952095808383235	0.0	0.6940119760479038	0	0	0	1	UFM1_dependent
0.12871287128712872	0.1188118811881188	0.09900990099009901	0.009900990099009901	-0.587128712871287	0	1	0	1	UFM1_dependent
0.1069182389937107	0.05188679245283019	0.0660377358490566	0.007861635220125786	-0.031446540880503276	0	1	0	1	UFM1_dependent
0.11538461538461539	0.07692307692307693	0.07692307692307693	0.0	0.25	0	0	0	0	UFM1_dependent
0.16312056737588654	0.07801418439716312	0.09219858156028368	0.0070921985815602835	-0.807801418439717	1	0	0	1	UFM1_dependent
0.10395010395010396	0.031185031185031187	0.062370062370062374	0.004158004158004158	0.44303534303534337	0	0	0	0	UFM1_dependent
0.08536585365853659	0.10365853658536585	0.042682926829268296	0.006097560975609756	-0.14573170731707336	0	0	0	1	UFM1_dependent
0.046511627906976744	0.16279069767441862	0.046511627906976744	0.023255813953488372	-0.09767441860465106	0	0	0	0	UFM1_dependent
0.08527131782945736	0.10852713178294573	0.031007751937984496	0.007751937984496124	-0.22170542635658916	0	0	0	1	UFM1_dependent
0.0975609756097561	0.0975609756097561	0.04878048780487805	0.024390243902439025	-0.5902439024390244	0	0	0	1	UFM1_dependent
0.10043668122270742	0.0611353711790393	0.05240174672489083	0.004366812227074236	0.027947598253275124	0	0	0	1	UFM1_dependent
0.06666666666666667	0.044444444444444446	0.06666666666666667	0.0	0.8000000000000002	0	0	0	0	UFM1_dependent
0.11197916666666667	0.044270833333333336	0.059895833333333336	0.005208333333333333	0.0567708333333333	0	0	0	1	UFM1_dependent
0.09519038076152304	0.04208416833667335	0.028056112224448898	0.0070140280561122245	0.13547094188376743	1	0	0	1	UFM1_dependent
0.07795698924731183	0.08870967741935484	0.0	0.008064516129032258	-0.19704301075268835	0	0	0	1	UFM1_dependent
0.15064102564102563	0.0673076923076923	0.10576923076923077	0.03205128205128205	-0.38044871794871826	1	0	1	1	UFM1_dependent
0.0958904109589041	0.10273972602739725	0.06164383561643835	0.0136986301369863	-0.2404109589041095	0	0	1	1	UFM1_dependent
0.06896551724137931	0.1724137931034483	0.06896551724137931	0.0	0.6275862068965516	0	0	0	1	UFM1_dependent
0.20689655172413793	0.10344827586206896	0.20689655172413793	0.034482758620689655	-0.475862068965517	0	0	0	1	UFM1_dependent
0.11594202898550725	0.15942028985507245	0.08695652173913043	0.028985507246376812	-0.03623188405797099	0	0	0	0	UFM1_dependent
0.0784313725490196	0.0784313725490196	0.0	0.0196078431372549	-0.13823529411764704	0	0	0	1	UFM1_dependent
0.07777777777777778	0.1	0.03333333333333333	0.0	0.02222222222222217	0	0	0	1	UFM1_dependent
0.1111111111111111	0.1111111111111111	0.05555555555555555	0.0	-0.11111111111111116	0	0	0	1	UFM1_dependent
0.10416666666666667	0.041666666666666664	0.10416666666666667	0.0	-0.1354166666666666	0	0	0	0	UFM1_dependent
0.1774193548387097	0.08064516129032258	0.11290322580645161	0.016129032258064516	-0.4903225806451612	0	0	0	0	UFM1_dependent
0.11077844311377245	0.059880239520958084	0.04491017964071856	0.011976047904191617	-0.10688622754491055	0	0	1	1	UFM1_dependent
0.08	0.05333333333333334	0.04	0.0	1.0866666666666664	0	0	0	0	UFM1_dependent
0.10601719197707736	0.09169054441260745	0.034383954154727794	0.014326647564469915	-0.2825214899713469	0	0	1	1	UFM1_dependent
0.07407407407407407	0.11375661375661375	0.026455026455026454	0.018518518518518517	0.08359788359788341	0	1	0	1	UFM1_dependent
0.12232415902140673	0.06116207951070336	0.07339449541284404	0.021406727828746176	-0.02629969418960245	0	0	0	1	UFM1_dependent
0.10714285714285714	0.16666666666666666	0.08333333333333333	0.011904761904761904	-0.39166666666666666	0	0	0	1	UFM1_dependent
0.07692307692307693	0.19230769230769232	0.038461538461538464	0.0	-0.7846153846153847	0	0	0	1	UFM1_dependent
0.0	0.2903225806451613	-0.03225806451612903	0.0	0.37419354838709673	0	1	0	1	UFM1_dependent
0.09369024856596558	0.04397705544933078	0.04397705544933078	0.011472275334608031	0.17284894837476086	0	0	0	1	UFM1_dependent
0.10526315789473684	0.09649122807017543	0.043859649122807015	0.017543859649122806	-0.18450292397660834	0	1	0	1	UFM1_dependent
0.053763440860215055	0.10752688172043011	-0.010752688172043012	0.0	0.04731182795698923	0	0	0	0	UFM1_dependent
0.0945054945054945	0.04835164835164835	0.03956043956043956	0.002197802197802198	0.24747252747252688	1	0	0	1	UFM1_dependent
0.19858156028368795	0.0425531914893617	0.15602836879432624	0.0	-0.5049645390070924	1	0	0	1	UFM1_dependent
0.1	0.08636363636363636	0.01818181818181818	0.022727272727272728	-0.35818181818181843	0	0	0	1	UFM1_dependent
0.1346153846153846	0.038461538461538464	0.057692307692307696	0.0	-0.08461538461538462	0	0	0	0	UFM1_dependent
0.07142857142857142	0.17857142857142858	0.06428571428571428	0.02857142857142857	0.31285714285714233	0	0	0	1	UFM1_dependent
0.17857142857142858	0.0	0.03571428571428571	0.0	-0.4928571428571429	0	0	0	0	UFM1_dependent
0.09523809523809523	0.047619047619047616	0.047619047619047616	0.0	0.9968253968253966	0	0	0	0	UFM1_dependent
0.1317365269461078	0.041916167664670656	0.08383233532934131	0.0	0.07485029940119767	0	0	0	0	UFM1_dependent
0.225	0.0	0.175	0.0	0.24250000000000016	1	0	0	0	UFM1_dependent
0.08108108108108109	0.0	0.08108108108108109	0.0	0.5567567567567568	0	0	0	0	UFM1_dependent
0.09646302250803858	0.04501607717041801	0.06591639871382636	0.011254019292604502	0.3054662379421219	1	0	0	1	UFM1_dependent
0.12669683257918551	0.04072398190045249	0.08144796380090498	0.00904977375565611	0.23710407239819006	0	0	0	1	UFM1_dependent
0.09016393442622951	0.06557377049180328	0.03278688524590164	0.00819672131147541	0.27090163934426204	0	0	0	1	UFM1_dependent
0.0967741935483871	0.0967741935483871	0.04659498207885305	0.03942652329749104	0.03512544802867379	0	0	0	1	UFM1_dependent
0.14814814814814814	0.07407407407407407	0.12037037037037036	0.018518518518518517	-0.04444444444444443	1	0	0	0	UFM1_dependent
0.037037037037037035	0.2222222222222222	0.037037037037037035	0.037037037037037035	-0.03703703703703711	0	0	0	1	UFM1_dependent
0.09090909090909091	0.09090909090909091	0.07272727272727272	0.01818181818181818	0.31999999999999995	0	0	0	1	UFM1_dependent
0.05825242718446602	0.1553398058252427	0.038834951456310676	0.009708737864077669	0.1349514563106796	0	0	0	1	UFM1_dependent
0.11003861003861004	0.04633204633204633	0.04054054054054054	0.023166023166023165	0.1407335907335906	0	0	0	1	UFM1_dependent
0.09479553903345725	0.046468401486988845	0.040892193308550186	0.0055762081784386614	0.08977695167286226	0	0	1	1	UFM1_dependent
0.14864864864864866	0.06418918918918919	0.09121621621621621	0.05067567567567568	-0.215878378378379	1	1	0	1	UFM1_dependent
0.15181518151815182	0.0627062706270627	0.09570957095709572	0.052805280528052806	-0.24224422442244284	1	1	0	1	UFM1_dependent
0.11790393013100436	0.048034934497816595	0.056768558951965066	0.0	-0.3672489082969436	0	0	0	1	UFM1_dependent
0.12530120481927712	0.03975903614457831	0.06867469879518072	0.007228915662650603	-0.11253012048192795	1	0	0	1	UFM1_dependent
0.0625	0.0625	0.03125	0.03125	1.1374999999999997	0	0	0	0	UFM1_dependent
0.11290322580645161	0.016129032258064516	0.11290322580645161	0.0	0.5838709677419355	0	0	0	0	UFM1_dependent
0.102803738317757	0.028037383177570093	0.07009345794392523	0.004672897196261682	0.4672897196261681	0	0	0	1	UFM1_dependent
0.125	0.09166666666666666	0.05	0.025	-0.5041666666666669	0	1	0	1	UFM1_dependent
0.13432835820895522	0.0	-0.04477611940298507	0.014925373134328358	-0.5104477611940299	0	0	0	0	UFM1_dependent
0.09105180533751962	0.09262166405023547	0.03139717425431711	0.006279434850863423	-0.07880690737833565	0	0	0	1	UFM1_dependent
0.0967741935483871	0.12544802867383512	0.05734767025089606	0.03942652329749104	-0.1329749103942652	0	1	0	1	UFM1_dependent
0.14035087719298245	0.06432748538011696	0.06432748538011696	0.005847953216374269	-0.18947368421052643	0	0	0	1	UFM1_dependent
0.11940298507462686	0.1044776119402985	0.06716417910447761	0.0	-0.037313432835820885	0	0	0	1	UFM1_dependent
0.09620253164556962	0.030379746835443037	0.05569620253164557	0.005063291139240506	0.19974683544303773	0	1	0	1	UFM1_dependent
0.09345794392523364	0.13551401869158877	0.02336448598130841	0.004672897196261682	-0.36308411214953284	0	0	0	1	UFM1_dependent
0.10540184453227931	0.034255599472990776	0.06060606060606061	0.006587615283267457	0.19459815546772097	1	0	0	1	UFM1_dependent
0.13706563706563707	0.03667953667953668	0.0637065637065637	0.007722007722007722	-0.22316602316602363	1	0	0	1	UFM1_dependent
0.10810810810810811	0.1891891891891892	0.10810810810810811	0.05405405405405406	-0.34324324324324335	0	0	0	1	UFM1_dependent
0.11627906976744186	0.06976744186046512	0.06046511627906977	0.013953488372093023	-0.42744186046511684	1	0	0	1	UFM1_dependent
0.11290322580645161	0.0	0.03225806451612903	0.0	0.16935483870967735	0	0	0	0	UFM1_dependent
0.25	0.025	0.25	0.05	-0.48250000000000004	1	0	0	0	UFM1_dependent
0.1503267973856209	0.0784313725490196	0.10457516339869281	0.032679738562091505	-0.07712418300653594	0	0	0	1	UFM1_dependent
0.13310580204778158	0.023890784982935155	0.06825938566552901	0.006825938566552901	-0.17303754266211674	0	0	0	0	UFM1_dependent
0.171875	0.046875	0.078125	0.03125	-0.18593749999999995	0	0	0	1	UFM1_dependent
0.1111111111111111	0.05555555555555555	0.018518518518518517	0.0	0.21851851851851858	0	0	0	1	UFM1_dependent
0.12790697674418605	0.05813953488372093	0.11627906976744186	0.011627906976744186	0.32209302325581396	0	0	0	1	UFM1_dependent
0.11776061776061776	0.02895752895752896	0.08494208494208494	0.005791505791505791	0.10424710424710419	0	1	0	1	UFM1_dependent
0.10205527994330262	0.05669737774627923	0.039688164422395464	0.004961020552799433	-0.027994330262225794	1	0	1	1	UFM1_dependent
0.09090909090909091	0.15151515151515152	0.09090909090909091	0.06060606060606061	-0.23939393939393944	0	0	0	1	UFM1_dependent
0.07142857142857142	0.21428571428571427	0.07142857142857142	0.0	0.046428571428571465	0	0	0	1	UFM1_dependent
0.11538461538461539	0.0	0.11538461538461539	0.0	0.2846153846153846	0	0	0	0	UFM1_dependent
0.11678832116788321	0.08029197080291971	0.072992700729927	0.0072992700729927005	0.22700729927007296	1	1	0	1	UFM1_dependent
0.11171662125340599	0.04904632152588556	0.05722070844686648	0.005449591280653951	0.1735694822888278	1	0	0	1	UFM1_dependent
0.10476190476190476	0.11428571428571428	0.0761904761904762	0.01904761904761905	-0.09904761904761884	0	0	0	1	UFM1_dependent
0.1956521739130435	0.08695652173913043	0.17391304347826086	0.06521739130434782	-0.3500000000000001	0	0	0	1	UFM1_dependent
0.12380952380952381	0.10476190476190476	0.08571428571428572	0.009523809523809525	-0.5999999999999999	0	0	1	1	UFM1_dependent
0.15846994535519127	0.0546448087431694	0.08196721311475409	0.02185792349726776	0.010382513661201848	1	0	0	1	UFM1_dependent
0.10975609756097561	0.024390243902439025	0.07317073170731707	0.012195121951219513	0.5512195121951218	0	0	0	0	UFM1_dependent
0.13716814159292035	0.03392330383480826	0.08997050147492626	0.007374631268436578	0.03067846607669615	1	0	0	1	UFM1_dependent
0.06557377049180328	0.13114754098360656	0.03278688524590164	0.0	-0.13606557377049183	0	0	0	1	UFM1_dependent
0.0915032679738562	0.058823529411764705	0.06535947712418301	0.0784313725490196	0.4653594771241826	0	0	0	1	UFM1_dependent
0.037037037037037035	0.0	-0.037037037037037035	0.0	0.8296296296296296	0	0	0	0	UFM1_dependent
0.09561752988047809	0.13147410358565736	0.043824701195219126	0.025896414342629483	-0.19780876494023908	0	0	0	1	UFM1_dependent
0.14285714285714285	0.07142857142857142	0.10714285714285714	0.0	-0.6142857142857141	0	0	0	0	UFM1_dependent
0.18518518518518517	0.12962962962962962	0.09259259259259259	0.018518518518518517	-1.0796296296296295	0	0	0	1	UFM1_dependent
0.07103321033210332	0.08302583025830258	0.008302583025830259	0.00922509225092251	0.15452029520295218	0	0	0	1	UFM1_dependent
0.0958904109589041	0.0410958904109589	0.0502283105022831	0.0091324200913242	0.2849315068493149	0	0	0	1	UFM1_dependent
0.11267605633802817	0.11267605633802817	0.04225352112676056	0.014084507042253521	-0.2253521126760564	0	0	0	1	UFM1_dependent
0.1296641791044776	0.027052238805970148	0.07462686567164178	0.007462686567164179	-0.03955223880597058	1	0	0	1	UFM1_dependent
0.08875739644970414	0.04240631163708087	0.04043392504930966	0.005917159763313609	0.3126232741617369	0	0	0	1	UFM1_dependent
0.09117647058823529	0.03823529411764706	0.05	0.0014705882352941176	0.6052941176470603	0	0	0	1	UFM1_dependent
0.07142857142857142	0.14285714285714285	0.03571428571428571	0.03571428571428571	0.2785714285714285	0	0	0	1	UFM1_dependent
0.11158798283261803	0.04291845493562232	0.060085836909871244	0.008583690987124463	0.017167381974248993	0	0	0	1	UFM1_dependent
0.12244897959183673	0.04081632653061224	0.08163265306122448	0.02040816326530612	-5.437827059388522e-17	0	0	0	0	UFM1_dependent
0.13636363636363635	0.022727272727272728	0.09090909090909091	0.0	-0.14318181818181813	0	0	0	0	UFM1_dependent
0.07523510971786834	0.07836990595611286	0.02821316614420063	0.006269592476489028	0.4119122257053288	0	0	0	1	UFM1_dependent
0.07397959183673469	0.11989795918367346	0.025510204081632654	0.012755102040816327	-0.029591836734693917	0	0	0	1	UFM1_dependent
0.15151515151515152	0.15151515151515152	0.06060606060606061	0.030303030303030304	-0.6545454545454547	0	0	1	1	UFM1_dependent
0.0893854748603352	0.09497206703910614	0.027932960893854747	0.00558659217877095	-0.13631284916201108	0	0	0	1	UFM1_dependent
0.11224489795918367	0.048104956268221574	0.04664723032069971	0.011661807580174927	-0.28513119533527675	0	0	1	1	UFM1_dependent
0.10275689223057644	0.05263157894736842	0.03508771929824561	0.010025062656641603	0.050375939849624116	0	0	0	1	UFM1_dependent
0.0729483282674772	0.12158054711246201	0.0425531914893617	0.00911854103343465	0.058662613981762826	0	0	0	1	UFM1_dependent
0.10697115384615384	0.042067307692307696	0.06490384615384616	0.003605769230769231	0.334735576923077	1	0	0	1	UFM1_dependent
0.12365591397849462	0.016129032258064516	0.08602150537634409	0.0	0.5569892473118276	0	0	0	0	UFM1_dependent
0.1111111111111111	0.08888888888888889	0.05555555555555555	0.0	-0.27777777777777773	0	0	0	1	UFM1_dependent
0.11587982832618025	0.10300429184549356	0.0815450643776824	0.02145922746781116	-0.16137339055793998	0	0	0	1	UFM1_independent
0.09900990099009901	0.039603960396039604	-0.039603960396039604	0.0	-0.11386138613861388	0	0	0	0	UFM1_independent
0.10273972602739725	0.03424657534246575	0.06164383561643835	0.017123287671232876	0.5181506849315064	0	0	0	1	UFM1_independent
0.10115606936416185	0.023121387283236993	0.057803468208092484	0.002890173410404624	0.06763005780346808	0	0	0	0	UFM1_independent
0.10848400556328233	0.04172461752433936	0.06258692628650904	0.005563282336578581	0.14603616133518763	0	0	0	1	UFM1_independent
0.12598425196850394	0.05511811023622047	0.09448818897637795	0.015748031496062992	0.08110236220472442	0	0	0	0	UFM1_independent
0.14814814814814814	0.18518518518518517	0.14814814814814814	0.14814814814814814	0.037037037037037174	0	0	0	1	UFM1_independent
0.11267605633802817	0.14084507042253522	0.056338028169014086	0.007042253521126761	-0.42535211267605655	1	0	0	1	UFM1_independent
0.11235955056179775	0.056179775280898875	0.07865168539325842	0.0	0.6168539325842695	0	0	0	0	UFM1_independent
0.1271186440677966	0.059322033898305086	0.05508474576271186	0.01694915254237288	-0.46016949152542425	1	0	1	1	UFM1_independent
0.13087818696883852	0.05042492917847025	0.06515580736543909	0.0050991501416430595	-0.1912747875354094	1	0	0	1	UFM1_independent
0.09714285714285714	0.08857142857142856	0.02857142857142857	0.022857142857142857	-0.36714285714285716	0	0	0	1	UFM1_independent
0.1	0.10909090909090909	0.01818181818181818	0.00909090909090909	-0.4145454545454548	0	0	0	1	UFM1_independent
0.14285714285714285	0.11904761904761904	0.11904761904761904	0.047619047619047616	-0.08333333333333345	0	0	0	1	UFM1_independent
0.12179487179487179	0.09294871794871795	0.0673076923076923	0.04807692307692308	-0.13365384615384635	0	0	0	1	UFM1_independent
0.10319410319410319	0.03194103194103194	0.054873054873054876	0.004095004095004095	0.3739557739557758	0	0	0	1	UFM1_independent
0.09811320754716982	0.05471698113207547	0.03773584905660377	0.024528301886792454	0.24396226415094321	0	0	0	1	UFM1_independent
0.1048252911813644	0.036605657237936774	0.06156405990016639	0.011647254575707155	0.13011647254575703	1	0	0	1	UFM1_independent
0.09795918367346938	0.02857142857142857	0.061224489795918366	0.004081632653061225	0.14163265306122452	0	0	0	1	UFM1_independent
0.0603448275862069	0.13793103448275862	0.0	0.017241379310344827	0.2793103448275862	0	0	0	1	UFM1_independent
0.1033434650455927	0.05015197568389058	0.04559270516717325	0.015197568389057751	0.17431610942249218	0	0	0	1	UFM1_independent
0.11118930330752991	0.04011259676284307	0.04926108374384237	0.00422237860661506	0.17846586910626386	1	0	0	1	UFM1_independent
0.11130899376669635	0.04630454140694568	0.052983081032947466	0.008459483526268923	0.05676758682101566	1	1	1	1	UFM1_independent
0.13829787234042554	0.09574468085106383	0.06382978723404255	0.02127659574468085	-0.5106382978723403	1	0	1	1	UFM1_independent
0.08928571428571429	0.06785714285714285	0.03571428571428571	0.025	0.22285714285714286	0	0	1	1	UFM1_independent
0.08256880733944955	0.12844036697247707	0.01834862385321101	0.0	-0.04587155963302748	0	0	0	1	UFM1_independent
0.125	0.025	0.04722222222222222	0.005555555555555556	0.11138888888888891	0	0	0	1	UFM1_independent
0.10276679841897234	0.07905138339920949	0.0533596837944664	0.009881422924901186	0.07608695652173893	1	0	1	1	UFM1_independent
0.14084507042253522	0.1267605633802817	0.08450704225352113	0.08450704225352113	-0.5845070422535213	0	0	0	1	UFM1_independent
0.07482993197278912	0.16326530612244897	0.034013605442176874	0.030612244897959183	-0.011904761904761984	1	1	0	1	UFM1_independent
0.11558669001751314	0.04203152364273205	0.05779334500875657	0.0017513134851138354	0.2865148861646233	1	0	0	1	UFM1_independent
0.11661807580174927	0.031098153547133137	0.0641399416909621	0.0058309037900874635	0.37735665694849485	0	0	0	1	UFM1_independent
0.10476190476190476	0.11322751322751323	0.04973544973544974	0.021164021164021163	-0.09925925925925931	0	1	0	1	UFM1_independent
0.10718954248366012	0.044444444444444446	0.054901960784313725	0.00392156862745098	0.3800000000000009	0	0	0	1	UFM1_independent
0.10892586989409984	0.02118003025718608	0.07110438729198185	0.0015128593040847202	0.2580937972768532	0	0	0	1	UFM1_independent
0.13793103448275862	0.034482758620689655	0.10344827586206896	0.0	0.5586206896551724	0	0	1	0	UFM1_independent
0.11578947368421053	0.05263157894736842	0.07368421052631578	0.0	0.09263157894736838	0	0	0	1	UFM1_independent
0.09662576687116564	0.049079754601226995	0.05368098159509203	0.010736196319018405	0.13696319018404887	0	0	0	1	UFM1_independent
0.1055846422338569	0.02530541012216405	0.059336823734729496	0.007853403141361256	0.24214659685863904	1	1	0	1	UFM1_independent
0.11513157894736842	0.05263157894736842	0.05756578947368421	0.004934210526315789	0.1478618421052627	1	1	1	1	UFM1_independent
0.08227848101265822	0.07278481012658228	0.030063291139240507	0.011075949367088608	0.2875000000000001	0	0	0	1	UFM1_independent
0.11183144246353323	0.03565640194489465	0.04051863857374392	0.004862236628849271	-0.027552674230146148	0	0	0	1	UFM1_independent
0.10909090909090909	0.03636363636363636	0.07272727272727272	0.0	0.889090909090909	0	0	0	0	UFM1_independent
0.10619469026548672	0.04424778761061947	0.02654867256637168	0.0	0.2982300884955748	0	0	0	1	UFM1_independent
0.08247422680412371	0.11168384879725086	0.03951890034364261	0.018900343642611683	0.1510309278350514	0	0	0	1	UFM1_independent
0.17391304347826086	0.21739130434782608	0.13043478260869565	0.0	-0.2521739130434783	0	0	0	1	UFM1_independent
0.136986301369863	0.1917808219178082	0.0821917808219178	0.0136986301369863	-0.7904109589041101	0	0	0	1	UFM1_independent
0.1	0.058333333333333334	0.05	0.0	-0.13666666666666666	0	0	0	1	UFM1_independent
0.14814814814814814	0.07407407407407407	0.14814814814814814	0.037037037037037035	0.011111111111111056	0	0	0	0	UFM1_independent
0.10784313725490197	0.032679738562091505	0.06372549019607843	0.006535947712418301	0.37271241830065394	0	0	0	1	UFM1_independent
0.12311557788944724	0.06532663316582915	0.07788944723618091	0.04020100502512563	-0.24070351758794	1	0	0	1	UFM1_independent
0.1220472440944882	0.031496062992125984	0.06692913385826772	0.011811023622047244	0.23149606299212597	1	0	1	1	UFM1_independent
0.06451612903225806	0.16129032258064516	0.0	0.0	-0.06129032258064516	0	0	0	1	UFM1_independent
0.09782608695652174	0.14130434782608695	0.06521739130434782	0.010869565217391304	-0.12608695652173924	0	0	0	1	UFM1_independent
0.11030478955007257	0.027576197387518143	0.06095791001451379	0.005805515239477504	0.24092888243831623	1	0	0	1	UFM1_independent
0.0966952264381885	0.11260709914320685	0.030599755201958383	0.01591187270501836	-0.01713586291309658	0	1	0	1	UFM1_independent
0.125	0.052083333333333336	0.052083333333333336	0.020833333333333332	-0.10625000000000002	0	0	0	1	UFM1_independent
0.06557377049180328	0.04918032786885246	0.03278688524590164	0.01639344262295082	0.619672131147541	0	0	0	0	UFM1_independent
0.10508474576271186	0.02711864406779661	0.06440677966101695	0.006779661016949152	0.5742372881355927	0	0	0	1	UFM1_independent
0.0946372239747634	0.06309148264984227	0.04416403785488959	0.00946372239747634	0.1763406940063092	0	1	0	1	UFM1_independent
0.08413461538461539	0.09615384615384616	0.03365384615384615	0.004807692307692308	0.037740384615384565	0	0	0	1	UFM1_independent
0.13953488372093023	0.023255813953488372	0.06976744186046512	0.005813953488372093	0.0023255813953487734	0	0	0	0	UFM1_independent
0.07389162561576355	0.03940886699507389	0.04433497536945813	0.009852216748768473	0.6985221674876845	0	1	0	1	UFM1_independent
0.13654618473895583	0.024096385542168676	0.09236947791164658	0.008032128514056224	-0.03935742971887556	0	0	0	0	UFM1_independent
0.3181818181818182	0.045454545454545456	0.3181818181818182	0.13636363636363635	-1.4499999999999997	0	0	0	0	UFM1_independent
0.10738255033557047	0.02348993288590604	0.09060402684563758	0.006711409395973154	0.5197986577181204	1	0	0	0	UFM1_independent
0.1346153846153846	0.15384615384615385	0.1346153846153846	0.0	-0.33846153846153837	0	0	0	1	UFM1_independent
0.07570977917981073	0.0473186119873817	0.022082018927444796	0.00946372239747634	0.28643533123028375	0	0	0	1	UFM1_independent
0.09897610921501707	0.09897610921501707	0.04778156996587031	0.0034129692832764505	-0.12013651877133119	0	0	0	0	UFM1_independent
0.13829787234042554	0.06382978723404255	0.0425531914893617	0.031914893617021274	-0.23510638297872336	0	0	0	1	UFM1_independent
0.11138613861386139	0.024752475247524754	0.04455445544554455	0.0024752475247524753	0.08143564356435648	0	0	0	1	UFM1_independent
0.10756302521008404	0.0453781512605042	0.05714285714285714	0.008403361344537815	0.29394957983193293	0	0	0	1	UFM1_independent
0.10306406685236769	0.03899721448467967	0.022284122562674095	0.011142061281337047	0.20835654596100212	0	0	0	1	UFM1_independent
0.06593406593406594	0.11208791208791209	0.020879120879120878	0.015384615384615385	0.17296703296703317	0	1	0	1	UFM1_independent
0.13087248322147652	0.040268456375838924	0.07214765100671142	0.008389261744966443	0.2327181208053687	1	0	0	1	UFM1_independent
0.09621993127147767	0.07560137457044673	0.03436426116838488	0.003436426116838488	-0.284536082474227	0	0	0	1	UFM1_independent
0.11425462459194777	0.060935799782372145	0.06746463547334058	0.03482045701849837	0.1284004352557122	1	1	0	1	UFM1_independent
0.10714285714285714	0.07417582417582418	0.046703296703296704	0.013736263736263736	-0.036538461538461735	1	1	0	1	UFM1_independent
0.0684931506849315	0.08904109589041095	0.0547945205479452	0.0273972602739726	0.5527397260273974	0	1	0	1	UFM1_independent
0.10344827586206896	0.10344827586206896	0.06896551724137931	0.06896551724137931	0.26206896551724135	0	0	0	0	UFM1_independent
0.10613207547169812	0.02122641509433962	0.07075471698113207	0.0023584905660377358	0.2108490566037734	1	0	0	0	UFM1_independent
0.14388489208633093	0.02158273381294964	0.10071942446043165	0.0	0.1762589928057555	0	0	0	0	UFM1_independent
0.1033434650455927	0.1033434650455927	0.03951367781155015	0.0182370820668693	-0.1291793313069911	0	0	0	1	UFM1_independent
0.10450819672131148	0.036885245901639344	0.055327868852459015	0.0020491803278688526	0.29221311475409806	0	0	0	1	UFM1_independent
0.10855018587360594	0.04535315985130112	0.05799256505576208	0.007434944237918215	0.05486988847583642	1	0	0	1	UFM1_independent
0.0821566110397946	0.11938382541720154	0.024390243902439025	0.010269576379974325	-0.15815147625160492	0	0	0	1	UFM1_independent
0.11023622047244094	0.07086614173228346	0.047244094488188976	0.005249343832020997	-0.04383202099737536	0	0	0	1	UFM1_independent
0.07941176470588235	0.03235294117647059	0.041176470588235294	0.0029411764705882353	0.6526470588235299	0	0	0	0	UFM1_independent
0.1159563924677899	0.04360753221010902	0.04658077304261645	0.005946481665014866	-0.0010901883052529514	1	0	0	1	UFM1_independent
0.0729312762973352	0.06030855539971949	0.021037868162692847	0.011220196353436185	0.4478260869565227	0	1	1	1	UFM1_independent
0.189873417721519	0.17721518987341772	0.12658227848101267	0.08860759493670886	-0.9848101265822788	0	0	0	1	UFM1_independent
0.10416666666666667	0.109375	0.026041666666666668	0.020833333333333332	-0.33125000000000027	0	0	0	1	UFM1_independent
0.12244897959183673	0.08843537414965986	0.06802721088435375	0.02040816326530612	-0.23469387755102056	0	0	0	1	UFM1_independent
0.10416666666666667	0.0	0.0625	0.0	0.5979166666666667	0	0	0	0	UFM1_independent
0.12195121951219512	0.04878048780487805	0.10975609756097561	0.0	0.5365853658536586	0	0	0	0	UFM1_independent
0.12903225806451613	0.010752688172043012	0.06451612903225806	0.0	-0.403225806451613	0	0	0	0	UFM1_independent
0.13793103448275862	0.034482758620689655	0.06896551724137931	0.0	0.15517241379310343	0	0	0	0	UFM1_independent
0.14049586776859505	0.01652892561983471	0.09090909090909091	0.01652892561983471	0.17272727272727273	0	0	0	1	UFM1_independent
0.09455128205128205	0.038461538461538464	0.052884615384615384	0.004807692307692308	0.42350427350427244	1	0	1	1	UFM1_independent
0.1724137931034483	0.0	0.1724137931034483	0.0	0.24827586206896549	1	0	0	0	UFM1_independent
