class,intron_length,GC_intron,PPT_density,T_block_length,SRSF3_count,SRSF3_density,PCBP2_count,PCBP2_density,CpG_count,CpG_density
1,1483,0.5940660822656777,0.4666666666666667,4,8,5.394470667565745,31,20.903573836817262,31,20.903573836817262
1,362,0.643646408839779,0.4666666666666667,3,3,8.287292817679559,12,33.149171270718234,9,24.861878453038674
1,362,0.643646408839779,0.4666666666666667,3,3,8.287292817679559,12,33.149171270718234,9,24.861878453038674
1,648,0.3256172839506173,0.3333333333333333,8,4,6.172839506172839,3,4.62962962962963,5,7.716049382716049
1,337,0.5400593471810089,0.26666666666666666,7,2,5.9347181008902075,3,8.90207715133531,13,38.57566765578635
1,1532,0.5221932114882507,0.4666666666666667,6,9,5.87467362924282,16,10.443864229765014,22,14.360313315926893
1,387,0.5839793281653747,0.4,4,2,5.167958656330749,6,15.503875968992247,12,31.007751937984494
1,395,0.40759493670886077,0.4,4,2,5.063291139240506,2,5.063291139240506,7,17.72151898734177
1,415,0.5975903614457831,0.3333333333333333,6,3,7.228915662650603,12,28.91566265060241,11,26.506024096385545
1,313,0.6261980830670927,0.4,2,3,9.584664536741213,2,6.389776357827476,15,47.92332268370607
1,478,0.6234309623430963,0.6666666666666666,3,4,8.368200836820083,13,27.196652719665273,16,33.47280334728033
1,1088,0.6194852941176471,0.8,4,8,7.352941176470588,31,28.49264705882353,26,23.89705882352941
1,399,0.7192982456140351,0.4666666666666667,3,1,2.506265664160401,13,32.581453634085214,42,105.26315789473684
1,404,0.6905940594059405,0.26666666666666666,2,1,2.4752475247524752,9,22.277227722772277,29,71.78217821782178
1,157,0.6369426751592356,0.4666666666666667,5,1,6.369426751592357,2,12.738853503184714,12,76.43312101910828
1,2538,0.6808510638297872,0.4666666666666667,3,2,0.7880220646178093,87,34.27895981087471,114,44.917257683215134
1,1116,0.5152329749103942,0.3333333333333333,23,9,8.064516129032258,16,14.336917562724013,41,36.738351254480285
1,460,0.6630434782608695,0.6666666666666666,3,1,2.1739130434782608,15,32.608695652173914,24,52.17391304347826
1,3117,0.5213346166185435,0.4666666666666667,11,27,8.662175168431183,59,18.928456849534808,53,17.00352903432788
1,605,0.6429752066115703,0.4,4,1,1.6528925619834711,14,23.140495867768596,18,29.75206611570248
1,806,0.6712158808933002,0.6,3,7,8.6848635235732,47,58.31265508684863,35,43.424317617866
1,597,0.644891122278057,0.5333333333333333,4,4,6.700167504187605,10,16.750418760469014,40,67.00167504187606
1,1108,0.5667870036101083,0.5333333333333333,8,8,7.2202166064981945,27,24.368231046931406,33,29.78339350180505
1,261,0.5977011494252874,0.3333333333333333,3,5,19.157088122605362,8,30.65134099616858,11,42.1455938697318
1,1639,0.6137888956680903,0.3333333333333333,8,6,3.6607687614399023,53,32.33679072605247,50,30.50640634533252
1,334,0.6347305389221557,0.2,3,1,2.994011976047904,8,23.95209580838323,13,38.92215568862275
1,1299,0.6728252501924558,0.26666666666666666,4,7,5.388760585065436,65,50.03849114703618,42,32.33256351039261
1,192,0.5364583333333334,0.4666666666666667,5,1,5.208333333333333,2,10.416666666666666,4,20.833333333333332
1,866,0.5923787528868361,0.5333333333333333,7,8,9.237875288683602,28,32.33256351039261,38,43.87990762124711
1,359,0.5738161559888579,0.4666666666666667,3,2,5.571030640668524,8,22.284122562674096,8,22.284122562674096
1,378,0.626984126984127,0.3333333333333333,3,5,13.227513227513228,9,23.80952380952381,22,58.2010582010582
1,391,0.7135549872122762,0.3333333333333333,3,4,10.230179028132993,9,23.017902813299234,50,127.8772378516624
1,304,0.7335526315789473,0.4666666666666667,4,2,6.578947368421053,12,39.473684210526315,43,141.44736842105263
1,1609,0.5444375388440025,0.5333333333333333,9,12,7.458048477315103,32,19.888129272840274,35,21.75264139216905
1,302,0.5562913907284768,0.4666666666666667,3,3,9.933774834437086,5,16.55629139072848,10,33.11258278145696
1,345,0.6463768115942029,0.26666666666666666,3,3,8.695652173913045,9,26.086956521739133,27,78.26086956521739
1,1004,0.6723107569721115,0.6666666666666666,4,7,6.972111553784861,22,21.91235059760956,72,71.71314741035856
1,1603,0.5464753587024329,0.5333333333333333,13,11,6.862133499688085,28,17.467248908296945,43,26.824703680598876
1,909,0.6061606160616062,0.8,5,3,3.3003300330033003,20,22.002200220022,24,26.402640264026402
1,880,0.6352272727272728,0.5333333333333333,5,4,4.545454545454546,19,21.59090909090909,26,29.545454545454547
1,410,0.6292682926829268,0.4666666666666667,3,1,2.4390243902439024,6,14.634146341463415,19,46.34146341463415
1,1220,0.6155737704918033,0.4666666666666667,5,3,2.459016393442623,35,28.688524590163937,37,30.327868852459016
1,438,0.3835616438356164,0.2,5,2,4.566210045662101,3,6.8493150684931505,7,15.981735159817351
1,1525,0.44459016393442624,0.4,7,12,7.868852459016394,10,6.557377049180328,28,18.36065573770492
1,889,0.530933633295838,0.5333333333333333,6,2,2.249718785151856,16,17.99775028121485,17,19.122609673790777
1,280,0.6142857142857143,0.4666666666666667,3,2,7.142857142857142,9,32.14285714285714,9,32.14285714285714
1,421,0.5273159144893111,0.4,5,5,11.876484560570072,12,28.503562945368174,9,21.37767220902613
1,377,0.6472148541114059,0.3333333333333333,3,2,5.305039787798409,7,18.56763925729443,11,29.177718832891248
1,3461,0.3513435423288067,0.4666666666666667,10,19,5.489742848887605,29,8.379081190407398,25,7.22334585379948
1,777,0.44272844272844275,0.2,5,5,6.435006435006435,4,5.148005148005148,12,15.444015444015443
1,501,0.6107784431137725,0.4,2,4,7.984031936127744,13,25.948103792415168,8,15.968063872255488
1,367,0.5177111716621253,0.2,4,1,2.7247956403269757,4,10.899182561307903,6,16.348773841961854
1,239,0.5188284518828452,0.4666666666666667,5,1,4.184100418410042,3,12.552301255230127,4,16.736401673640167
1,1761,0.4838160136286201,0.6,9,10,5.6785917092561045,16,9.085746734809767,40,22.714366837024418
1,320,0.596875,0.6666666666666666,3,5,15.625,5,15.625,12,37.5
1,320,0.596875,0.2,3,2,6.25,8,25,10,31.25
1,1090,0.6229357798165137,0.3333333333333333,4,10,9.174311926605505,54,49.54128440366972,37,33.944954128440365
1,515,0.5825242718446602,0.3333333333333333,4,3,5.825242718446602,13,25.24271844660194,12,23.300970873786408
1,643,0.5132192846034215,0.4666666666666667,5,5,7.776049766718507,12,18.662519440124417,22,34.21461897356143
1,1094,0.520109689213894,0.4666666666666667,5,9,8.22669104204753,19,17.367458866544787,32,29.25045703839122
1,534,0.6254681647940075,0.5333333333333333,2,6,11.235955056179774,15,28.089887640449437,11,20.599250936329586
1,240,0.5833333333333334,0.3333333333333333,4,4,16.666666666666668,3,12.5,10,41.66666666666667
1,240,0.5833333333333334,0.3333333333333333,4,4,16.666666666666668,3,12.5,10,41.66666666666667
1,344,0.5988372093023255,0.7333333333333333,5,6,17.44186046511628,13,37.79069767441861,14,40.697674418604656
1,443,0.6117381489841986,0.6666666666666666,3,2,4.514672686230249,6,13.544018058690744,20,45.14672686230248
1,895,0.5776536312849162,0.2,5,4,4.4692737430167595,22,24.581005586592177,18,20.11173184357542
1,1253,0.5682362330407024,0.4,7,6,4.788507581803672,19,15.163607342378294,87,69.43335993615324
1,645,0.4945736434108527,0.26666666666666666,14,7,10.852713178294573,13,20.155038759689923,13,20.155038759689923
1,459,0.5228758169934641,0.5333333333333333,4,7,15.250544662309368,10,21.78649237472767,4,8.714596949891067
1,673,0.5319465081723626,0.4,4,8,11.88707280832095,9,13.372956909361069,7,10.40118870728083
1,621,0.6666666666666666,0.4666666666666667,3,1,1.6103059581320451,32,51.529790660225444,32,51.529790660225444
1,2902,0.6271536871123363,0.4666666666666667,19,9,3.1013094417643003,104,35.83735354927636,111,38.249483115093035
1,404,0.5198019801980198,0.3333333333333333,7,5,12.376237623762375,7,17.326732673267326,7,17.326732673267326
1,645,0.6108527131782946,0.2,7,4,6.201550387596899,15,23.25581395348837,25,38.75968992248062
1,582,0.563573883161512,0.5333333333333333,4,3,5.154639175257732,11,18.900343642611684,16,27.491408934707906
1,304,0.6644736842105263,0.4,3,2,6.578947368421053,6,19.736842105263158,14,46.05263157894737
1,911,0.6904500548847421,0.5333333333333333,3,2,2.195389681668496,17,18.660812294182218,60,65.86169045005488
1,911,0.6904500548847421,0.5333333333333333,3,2,2.195389681668496,17,18.660812294182218,60,65.86169045005488
1,1435,0.6355400696864112,0.4666666666666667,4,5,3.484320557491289,34,23.693379790940767,68,47.386759581881535
1,241,0.6556016597510373,0.4,3,2,8.298755186721992,7,29.04564315352697,9,37.344398340248965
1,484,0.4214876033057851,0.4666666666666667,4,4,8.264462809917356,4,8.264462809917356,7,14.462809917355372
1,516,0.5717054263565892,0.26666666666666666,4,4,7.751937984496124,9,17.441860465116278,13,25.1937984496124
1,470,0.3638297872340426,0.4,7,3,6.382978723404256,0,0,3,6.382978723404256
1,2796,0.4899856938483548,0.5333333333333333,6,18,6.437768240343348,38,13.590844062947069,15,5.36480686695279
1,347,0.5446685878962536,0.3333333333333333,4,6,17.29106628242075,2,5.763688760806917,13,37.46397694524496
1,398,0.5552763819095478,0.4666666666666667,3,1,2.5125628140703515,5,12.562814070351758,10,25.125628140703515
1,259,0.528957528957529,0.4666666666666667,5,2,7.722007722007722,5,19.305019305019304,6,23.166023166023166
1,406,0.5221674876847291,0.2,4,1,2.463054187192118,2,4.926108374384236,13,32.01970443349754
1,3219,0.4358496427461945,0.4,11,15,4.659832246039143,26,8.07704255980118,36,11.183597390493942
1,567,0.564373897707231,0.3333333333333333,4,4,7.0546737213403885,16,28.218694885361554,11,19.40035273368607
1,240,0.48333333333333334,0.4,4,3,12.5,0,0,6,25
1,485,0.6350515463917525,0.4666666666666667,3,1,2.061855670103093,16,32.98969072164949,18,37.11340206185567
1,467,0.5995717344753747,0.4666666666666667,3,1,2.141327623126338,9,19.271948608137045,11,23.554603854389722
1,406,0.5935960591133005,0.26666666666666666,5,3,7.389162561576354,7,17.241379310344826,6,14.778325123152708
1,622,0.5610932475884244,0.8,4,2,3.215434083601286,10,16.077170418006432,7,11.254019292604502
1,427,0.6533957845433255,0.6,3,1,2.34192037470726,23,53.86416861826698,19,44.49648711943794
1,2955,0.39086294416243655,0.4666666666666667,7,15,5.0761421319796955,24,8.121827411167512,39,13.197969543147208
1,356,0.651685393258427,0.4666666666666667,4,5,14.04494382022472,9,25.280898876404496,29,81.46067415730337
1,334,0.5988023952095808,0.4,5,3,8.982035928143713,12,35.92814371257485,12,35.92814371257485
1,488,0.4672131147540984,0.5333333333333333,4,3,6.147540983606557,4,8.19672131147541,4,8.19672131147541
1,894,0.5749440715883669,0.4666666666666667,3,10,11.185682326621924,25,27.96420581655481,16,17.89709172259508
1,412,0.6796116504854369,0.5333333333333333,6,1,2.4271844660194177,9,21.844660194174757,33,80.09708737864078
1,260,0.5961538461538461,0.6,3,2,7.692307692307692,6,23.076923076923077,6,23.076923076923077
1,274,0.5693430656934306,0.4,3,1,3.64963503649635,4,14.5985401459854,6,21.8978102189781
1,556,0.5827338129496403,0.6,3,4,7.1942446043165464,18,32.374100719424455,14,25.17985611510791
1,336,0.625,0.26666666666666666,2,3,8.928571428571429,14,41.666666666666664,9,26.785714285714285
1,1632,0.4681372549019608,0.4666666666666667,4,11,6.740196078431373,15,9.191176470588236,40,24.50980392156863
1,405,0.5753086419753086,0.4,3,2,4.938271604938271,4,9.876543209876543,12,29.629629629629626
1,678,0.5825958702064897,0.5333333333333333,4,3,4.424778761061947,13,19.1740412979351,16,23.59882005899705
1,1765,0.4237960339943343,0.5333333333333333,6,7,3.96600566572238,9,5.09915014164306,61,34.56090651558074
1,460,0.6086956521739131,0.6666666666666666,5,4,8.695652173913043,10,21.73913043478261,17,36.95652173913043
1,1855,0.3433962264150943,0.3333333333333333,10,9,4.8517520215633425,11,5.929919137466308,16,8.625336927223719
1,835,0.5017964071856288,0.6,3,3,3.5928143712574854,8,9.580838323353294,9,10.778443113772456
1,1077,0.5236768802228412,0.4666666666666667,3,3,2.785515320334262,16,14.856081708449397,12,11.142061281337048
1,2182,0.3771769019248396,0.4,7,14,6.416131989000917,17,7.791017415215399,14,6.416131989000917
1,360,0.5861111111111111,0.3333333333333333,3,1,2.7777777777777777,3,8.333333333333334,4,11.11111111111111
1,389,0.5758354755784062,0.5333333333333333,4,4,10.282776349614396,9,23.13624678663239,8,20.565552699228792
1,759,0.5335968379446641,0.4666666666666667,4,8,10.540184453227932,16,21.080368906455863,7,9.22266139657444
1,278,0.4892086330935252,0.26666666666666666,5,4,14.388489208633093,5,17.985611510791365,2,7.1942446043165464
1,1020,0.5186274509803922,0.5333333333333333,4,9,8.823529411764707,21,20.588235294117645,15,14.705882352941176
1,1020,0.5186274509803922,0.5333333333333333,4,9,8.823529411764707,21,20.588235294117645,15,14.705882352941176
1,673,0.5200594353640416,0.4666666666666667,3,5,7.429420505200594,32,47.5482912332838,7,10.40118870728083
1,572,0.5524475524475524,0.2,4,4,6.993006993006993,6,10.48951048951049,11,19.230769230769234
1,525,0.580952380952381,0.5333333333333333,3,5,9.523809523809524,13,24.76190476190476,15,28.57142857142857
1,513,0.47173489278752434,0.5333333333333333,4,3,5.847953216374269,12,23.391812865497077,4,7.797270955165692
1,576,0.5711805555555556,0.26666666666666666,4,1,1.7361111111111112,14,24.305555555555557,8,13.88888888888889
1,433,0.3510392609699769,0.26666666666666666,5,4,9.237875288683602,4,9.237875288683602,1,2.3094688221709005
1,473,0.5348837209302325,0.4,5,6,12.684989429175475,11,23.255813953488374,11,23.255813953488374
1,487,0.5605749486652978,0.2,4,5,10.26694045174538,7,14.373716632443532,8,16.42710472279261
1,487,0.5605749486652978,0.2,4,5,10.26694045174538,7,14.373716632443532,8,16.42710472279261
1,483,0.556935817805383,0.4666666666666667,4,1,2.070393374741201,9,18.633540372670808,11,22.77432712215321
1,679,0.5169366715758469,0.2,4,7,10.309278350515463,8,11.7820324005891,22,32.40058910162003
1,509,0.6149312377210217,0.4666666666666667,3,4,7.858546168958743,20,39.29273084479371,11,21.611001964636543
1,1261,0.4425059476605868,0.26666666666666666,8,11,8.72323552735924,3,2.379064234734338,14,11.102299762093578
1,3146,0.3893833439287985,0.26666666666666666,14,18,5.7215511760966304,28,8.900190718372537,27,8.582326764144947
1,3406,0.3473282442748092,0.26666666666666666,8,29,8.514386376981797,27,7.9271873165002935,19,5.578391074574281
1,2669,0.3990258523791682,0.4666666666666667,17,23,8.6174597227426,25,9.366804046459348,31,11.614837017609592
1,1331,0.535687453042825,0.3333333333333333,4,16,12.021036814425244,28,21.036814425244177,29,21.788129226145756
1,1247,0.5501202886928629,0.26666666666666666,4,7,5.613472333600641,19,15.236567762630312,47,37.690457097032876
1,387,0.5348837209302325,0.3333333333333333,4,2,5.167958656330749,13,33.59173126614987,6,15.503875968992247
1,286,0.5734265734265734,0.8666666666666667,7,1,3.4965034965034967,6,20.97902097902098,15,52.447552447552454
1,810,0.6493827160493827,0.26666666666666666,3,2,2.4691358024691357,28,34.5679012345679,34,41.9753086419753
1,2056,0.5642023346303502,0.8,6,16,7.782101167315175,44,21.40077821011673,49,23.832684824902724
1,544,0.6286764705882353,0.26666666666666666,4,4,7.352941176470588,16,29.41176470588235,12,22.058823529411764
1,542,0.6273062730627307,0.4,4,2,3.6900369003690034,13,23.98523985239852,30,55.35055350553505
1,735,0.5891156462585034,0.26666666666666666,10,10,13.60544217687075,28,38.095238095238095,17,23.12925170068027
1,1165,0.51931330472103,0.26666666666666666,9,9,7.725321888412017,28,24.034334763948497,16,13.733905579399142
1,264,0.5303030303030303,0.3333333333333333,3,1,3.7878787878787876,4,15.15151515151515,11,41.666666666666664
1,422,0.6421800947867299,0.6666666666666666,4,1,2.3696682464454977,10,23.696682464454977,19,45.023696682464454
1,268,0.5223880597014925,0.6666666666666666,4,3,11.194029850746269,3,11.194029850746269,2,7.462686567164178
1,1025,0.5229268292682927,0.4666666666666667,7,10,9.756097560975611,24,23.414634146341466,12,11.707317073170733
1,1122,0.5811051693404634,0.5333333333333333,3,8,7.1301247771836,36,32.085561497326204,23,20.49910873440285
1,656,0.6189024390243902,0.4666666666666667,3,4,6.097560975609756,13,19.817073170731707,19,28.96341463414634
1,455,0.5692307692307692,0.5333333333333333,4,5,10.989010989010989,10,21.978021978021978,7,15.384615384615383
1,279,0.5734767025089605,0.5333333333333333,2,4,14.336917562724013,8,28.673835125448026,12,43.01075268817204
1,252,0.6349206349206349,0.13333333333333333,3,4,15.873015873015873,7,27.77777777777778,11,43.65079365079365
1,536,0.5410447761194029,0.6,3,4,7.462686567164178,11,20.52238805970149,12,22.388059701492537
1,467,0.5331905781584583,0.13333333333333333,4,3,6.423982869379015,8,17.130620985010705,9,19.271948608137045
1,947,0.43083421330517424,0.3333333333333333,11,7,7.391763463569166,9,9.503695881731785,11,11.615628299894404
1,323,0.6904024767801857,0.5333333333333333,3,1,3.095975232198142,10,30.959752321981423,20,61.919504643962846
1,481,0.3887733887733888,0.4,4,4,8.316008316008316,0,0,2,4.158004158004158
1,538,0.6728624535315985,0.3333333333333333,3,5,9.293680297397769,19,35.31598513011152,39,72.4907063197026
1,538,0.6728624535315985,0.3333333333333333,3,5,9.293680297397769,19,35.31598513011152,39,72.4907063197026
1,476,0.6659663865546218,0.4,2,3,6.302521008403362,9,18.907563025210084,27,56.72268907563026
1,479,0.40083507306889354,0.26666666666666666,5,1,2.0876826722338206,8,16.701461377870565,5,10.438413361169102
1,1208,0.5264900662251656,0.4666666666666667,4,9,7.450331125827815,25,20.695364238410598,18,14.90066225165563
1,903,0.6655592469545958,0.6,4,2,2.2148394241417497,32,35.437430786267996,37,40.97452934662237
1,454,0.6409691629955947,0.3333333333333333,4,2,4.405286343612334,9,19.823788546255507,16,35.242290748898675
1,722,0.646814404432133,0.4,3,10,13.850415512465375,26,36.011080332409975,28,38.78116343490305
1,987,0.6859169199594731,0.6,3,4,4.052684903748734,43,43.56636271529889,48,48.632218844984806
1,1698,0.6537102473498233,0.5333333333333333,4,6,3.53356890459364,59,34.74676089517079,79,46.525323910482925
1,266,0.5488721804511278,0.26666666666666666,14,1,3.7593984962406015,5,18.796992481203006,7,26.31578947368421
1,457,0.6783369803063457,0.26666666666666666,3,1,2.1881838074398248,10,21.88183807439825,18,39.387308533916844
1,752,0.636968085106383,0.5333333333333333,5,4,5.319148936170213,22,29.25531914893617,22,29.25531914893617
1,708,0.6779661016949152,0.5333333333333333,3,2,2.824858757062147,21,29.661016949152543,48,67.79661016949153
1,1184,0.5920608108108109,0.3333333333333333,5,7,5.912162162162162,36,30.405405405405407,24,20.27027027027027
1,1733,0.49740334679746107,0.5333333333333333,6,14,8.078476630121177,21,12.117714945181765,62,35.77611079053664
1,233,0.6566523605150214,0.4666666666666667,2,3,12.875536480686694,7,30.04291845493562,14,60.08583690987124
1,821,0.6577344701583435,0.4,4,3,3.654080389768575,25,30.450669914738125,36,43.8489646772229
1,2085,0.48105515587529973,0.3333333333333333,8,12,5.755395683453237,33,15.827338129496404,40,19.18465227817746
1,565,0.6194690265486725,0.5333333333333333,3,9,15.92920353982301,20,35.39823008849558,21,37.16814159292036
1,316,0.6044303797468354,0.4,3,5,15.822784810126581,5,15.822784810126581,11,34.81012658227848
1,1612,0.5490074441687345,0.5333333333333333,4,6,3.722084367245657,34,21.09181141439206,20,12.406947890818858
1,1077,0.6146703806870938,0.4,3,10,9.285051067780874,49,45.49675023212628,20,18.570102135561747
1,702,0.6082621082621082,0.4666666666666667,3,5,7.122507122507123,16,22.792022792022795,19,27.065527065527068
1,427,0.5901639344262295,0.5333333333333333,4,3,7.02576112412178,8,18.73536299765808,10,23.4192037470726
1,3108,0.36904761904761907,0.4666666666666667,20,22,7.078507078507078,15,4.826254826254826,26,8.365508365508365
1,538,0.36431226765799257,0.4666666666666667,5,4,7.434944237918216,5,9.293680297397769,2,3.717472118959108
1,538,0.36431226765799257,0.4666666666666667,5,4,7.434944237918216,5,9.293680297397769,2,3.717472118959108
1,2160,0.6231481481481481,0.6,5,12,5.555555555555555,62,28.703703703703702,54,25
1,573,0.6020942408376964,0.6666666666666666,3,5,8.726003490401396,18,31.413612565445028,23,40.139616055846425
1,724,0.5925414364640884,0.4,4,3,4.143646408839779,15,20.718232044198896,19,26.243093922651934
1,331,0.6102719033232629,0.3333333333333333,2,3,9.06344410876133,10,30.211480362537763,15,45.31722054380664
1,257,0.4980544747081712,0.3333333333333333,2,2,7.782101167315175,3,11.673151750972762,7,27.237354085603112
1,427,0.6978922716627635,0.4666666666666667,3,2,4.68384074941452,12,28.10304449648712,37,86.65105386416862
1,270,0.4925925925925926,0.4666666666666667,4,3,11.11111111111111,3,11.11111111111111,1,3.7037037037037033
1,412,0.5485436893203883,0.6,3,6,14.563106796116505,10,24.271844660194176,7,16.990291262135923
1,1714,0.6376896149358227,0.6666666666666666,5,5,2.9171528588098017,52,30.338389731621938,56,32.67211201866978
1,342,0.6257309941520468,0.6666666666666666,5,4,11.695906432748536,10,29.23976608187134,7,20.46783625730994
1,257,0.36964980544747084,0.26666666666666666,6,1,3.8910505836575875,0,0,2,7.782101167315175
1,1838,0.382480957562568,0.26666666666666666,8,14,7.616974972796518,7,3.808487486398259,21,11.425462459194776
1,1195,0.5213389121338912,0.26666666666666666,5,4,3.3472803347280333,18,15.06276150627615,21,17.573221757322173
1,604,0.5645695364238411,0.26666666666666666,3,3,4.966887417218543,15,24.834437086092716,25,41.390728476821195
1,2137,0.33270940570893776,0.4,10,10,4.679457182966776,7,3.275620028076743,11,5.147402901263454
1,480,0.5854166666666667,0.6,5,4,8.333333333333334,17,35.41666666666667,11,22.916666666666668
1,471,0.5605095541401274,0.5333333333333333,4,5,10.615711252653929,15,31.847133757961785,11,23.35456475583864
1,1084,0.5654981549815498,0.6,5,7,6.457564575645756,34,31.36531365313653,22,20.29520295202952
1,562,0.5320284697508897,0.4666666666666667,4,4,7.117437722419928,11,19.572953736654803,11,19.572953736654803
1,1848,0.40476190476190477,0.4666666666666667,10,9,4.87012987012987,21,11.363636363636363,12,6.4935064935064934
1,1059,0.4145420207743154,0.4,5,6,5.6657223796034,13,12.275731822474032,9,8.498583569405099
1,1272,0.3136792452830189,0.26666666666666666,7,4,3.144654088050314,6,4.716981132075472,5,3.930817610062893
1,1173,0.41261722080136404,0.4,11,9,7.672634271099744,15,12.78772378516624,16,13.640238704177323
1,510,0.29411764705882354,0.4,5,1,1.9607843137254901,1,1.9607843137254901,5,9.803921568627452
1,443,0.5869074492099323,0.6,3,2,4.514672686230249,9,20.31602708803612,8,18.058690744920995
1,315,0.5619047619047619,0.2,4,1,3.1746031746031744,7,22.22222222222222,4,12.698412698412698
1,445,0.49887640449438203,0.4,4,2,4.49438202247191,10,22.47191011235955,5,11.235955056179774
1,622,0.49356913183279744,0.4666666666666667,3,8,12.861736334405144,17,27.331189710610932,6,9.646302250803858
1,226,0.6017699115044248,0.3333333333333333,3,1,4.424778761061947,6,26.548672566371682,9,39.823008849557525
1,640,0.6265625,0.6666666666666666,4,8,12.5,27,42.1875,30,46.875
1,1089,0.4995408631772268,0.26666666666666666,5,9,8.264462809917356,12,11.019283746556475,9,8.264462809917356
1,637,0.45839874411302983,0.5333333333333333,5,5,7.849293563579278,7,10.989010989010989,5,7.849293563579278
1,433,0.44110854503464203,0.7333333333333333,6,3,6.928406466512702,6,13.856812933025404,6,13.856812933025404
1,2010,0.5218905472636816,0.4666666666666667,7,7,3.4825870646766175,37,18.40796019900498,26,12.935323383084578
1,1655,0.36737160120845924,0.2,7,8,4.833836858006042,11,6.646525679758308,22,13.293051359516616
1,359,0.5013927576601671,0.3333333333333333,4,5,13.92757660167131,2,5.571030640668524,4,11.142061281337048
1,490,0.5775510204081633,0.26666666666666666,6,2,4.081632653061225,19,38.775510204081634,11,22.448979591836736
1,894,0.6756152125279642,0.6666666666666666,3,2,2.237136465324385,26,29.082774049217,44,49.21700223713646
1,678,0.5752212389380531,0.4,4,7,10.324483775811208,16,23.59882005899705,19,28.023598820058996
1,1924,0.4573804573804574,0.4,11,8,4.158004158004158,17,8.835758835758837,43,22.34927234927235
1,1201,0.5636969192339717,0.4666666666666667,5,9,7.493755203996669,28,23.31390507910075,19,15.820149875104079
1,1246,0.4839486356340289,0.5333333333333333,7,16,12.841091492776886,27,21.669341894060995,11,8.828250401284109
1,2020,0.38663366336633664,0.5333333333333333,21,13,6.435643564356436,14,6.930693069306931,25,12.376237623762377
1,1151,0.4005212858384014,0.2,6,4,3.475238922675934,4,3.475238922675934,12,10.425716768027801
1,637,0.5243328100470958,0.4,4,6,9.419152276295133,9,14.1287284144427,6,9.419152276295133
1,437,0.4874141876430206,0.5333333333333333,7,4,9.153318077803204,3,6.864988558352403,7,16.018306636155607
1,996,0.5030120481927711,0.2,8,5,5.020080321285141,20,20.080321285140563,14,14.056224899598394
1,1106,0.5904159132007233,0.4,5,6,5.424954792043399,22,19.89150090415913,52,47.01627486437613
1,1216,0.6373355263157895,0.13333333333333333,4,3,2.4671052631578947,30,24.67105263157895,54,44.40789473684211
1,1110,0.5918918918918918,0.4666666666666667,3,10,9.009009009009008,31,27.927927927927925,22,19.819819819819816
1,444,0.5608108108108109,0.6666666666666666,3,1,2.2522522522522523,9,20.27027027027027,9,20.27027027027027
1,444,0.5608108108108109,0.6666666666666666,3,1,2.2522522522522523,9,20.27027027027027,9,20.27027027027027
1,265,0.5924528301886792,0.4666666666666667,4,1,3.773584905660377,7,26.41509433962264,5,18.867924528301884
1,390,0.6205128205128205,0.2,3,1,2.564102564102564,14,35.8974358974359,6,15.384615384615383
1,1362,0.37738619676945667,0.2,7,12,8.810572687224669,9,6.607929515418502,12,8.810572687224669
1,591,0.5888324873096447,0.6,4,7,11.844331641285956,16,27.072758037225043,9,15.228426395939087
1,1378,0.4927431059506531,0.4666666666666667,7,7,5.079825834542816,20,14.51378809869376,64,46.444121915820034
1,1809,0.4842454394693201,0.4,5,6,3.316749585406302,24,13.266998341625207,36,19.900497512437813
1,1888,0.4253177966101695,0.2,9,9,4.766949152542373,18,9.533898305084746,20,10.593220338983052
1,408,0.6397058823529411,0.4,2,4,9.803921568627452,13,31.862745098039216,15,36.76470588235294
1,1160,0.5370689655172414,0.5333333333333333,16,11,9.482758620689657,17,14.655172413793105,68,58.62068965517242
1,728,0.5810439560439561,0.26666666666666666,4,3,4.120879120879121,18,24.725274725274726,24,32.96703296703297
1,1057,0.49479659413434246,0.26666666666666666,4,13,12.298959318826869,17,16.08325449385052,21,19.867549668874172
1,299,0.5250836120401338,0.5333333333333333,4,4,13.377926421404682,6,20.066889632107024,2,6.688963210702341
1,2880,0.38333333333333336,0.4666666666666667,11,15,5.208333333333334,21,7.291666666666667,25,8.680555555555555
1,1020,0.5666666666666667,0.4666666666666667,3,6,5.88235294117647,23,22.549019607843135,16,15.686274509803921
1,1518,0.5322793148880105,0.5333333333333333,6,10,6.587615283267457,22,14.492753623188406,64,42.16073781291173
1,371,0.4636118598382749,0.26666666666666666,4,2,5.390835579514825,2,5.390835579514825,5,13.477088948787062
1,784,0.4477040816326531,0.3333333333333333,10,4,5.1020408163265305,5,6.377551020408163,6,7.653061224489796
1,1915,0.404177545691906,0.2,8,7,3.6553524804177546,15,7.83289817232376,13,6.788511749347259
1,918,0.49564270152505446,0.4666666666666667,4,3,3.2679738562091503,8,8.714596949891067,19,20.697167755991284
1,452,0.6438053097345132,0.4,2,3,6.6371681415929205,14,30.973451327433626,11,24.336283185840706
1,372,0.6908602150537635,0.4,3,1,2.6881720430107525,13,34.946236559139784,24,64.51612903225806
1,451,0.7006651884700665,0.5333333333333333,2,4,8.869179600886918,16,35.47671840354767,34,75.3880266075388
1,544,0.5036764705882353,0.26666666666666666,3,5,9.191176470588236,8,14.705882352941176,18,33.088235294117645
1,390,0.5769230769230769,0.26666666666666666,3,5,12.82051282051282,3,7.692307692307692,21,53.84615384615385
1,1574,0.5330368487928844,0.4666666666666667,6,9,5.717916137229987,32,20.330368487928844,29,18.424396442185515
1,477,0.639412997903564,0.26666666666666666,2,4,8.385744234800839,8,16.771488469601678,17,35.63941299790356
1,384,0.3880208333333333,0.06666666666666667,4,1,2.6041666666666665,1,2.6041666666666665,3,7.8125
1,1045,0.6124401913875598,0.4,5,5,4.784688995215311,27,25.837320574162682,34,32.535885167464116
1,1045,0.6124401913875598,0.4,5,5,4.784688995215311,27,25.837320574162682,34,32.535885167464116
1,1016,0.5187007874015748,0.5333333333333333,4,6,5.905511811023622,18,17.716535433070867,15,14.763779527559056
1,539,0.62152133580705,0.6666666666666666,4,6,11.131725417439702,14,25.974025974025974,18,33.39517625231911
1,756,0.5026455026455027,0.2,4,3,3.9682539682539684,17,22.486772486772487,10,13.227513227513228
1,653,0.4992343032159265,0.4666666666666667,5,3,4.594180704441041,7,10.719754977029096,3,4.594180704441041
1,626,0.5447284345047924,0.4666666666666667,5,2,3.194888178913738,13,20.766773162939298,15,23.961661341853034
1,4086,0.34826235927557514,0.4,8,25,6.1184532550171316,33,8.076358296622614,33,8.076358296622614
1,1764,0.35034013605442177,0.26666666666666666,6,12,6.802721088435374,8,4.535147392290249,11,6.235827664399093
1,986,0.6470588235294118,0.3333333333333333,3,7,7.099391480730223,29,29.411764705882355,31,31.440162271805274
1,2522,0.436558287073751,0.2,6,25,9.912767644726408,27,10.705789056304521,23,9.119746233148296
1,2659,0.3606619029710417,0.26666666666666666,6,19,7.145543437382475,18,6.769462203836029,22,8.273787138021813
1,2659,0.3606619029710417,0.26666666666666666,6,19,7.145543437382475,18,6.769462203836029,22,8.273787138021813
1,910,0.5010989010989011,0.4,10,6,6.593406593406593,16,17.58241758241758,18,19.78021978021978
1,738,0.5799457994579946,0.26666666666666666,4,6,8.130081300813009,11,14.905149051490515,28,37.94037940379404
1,2022,0.44807121661721067,0.4666666666666667,6,19,9.396636993076163,25,12.363996043521267,22,10.880316518298715
1,1414,0.45756718528995755,0.6666666666666666,16,13,9.193776520509195,21,14.851485148514852,20,14.144271570014146
1,345,0.5246376811594203,0.3333333333333333,3,1,2.8985507246376816,2,5.797101449275363,17,49.275362318840585
1,615,0.5658536585365853,0.4,4,5,8.130081300813009,7,11.382113821138212,16,26.016260162601625
1,2707,0.5012929442186923,0.4666666666666667,8,23,8.496490579977836,59,21.79534540081271,57,21.05652013298855
1,383,0.5483028720626631,0.4666666666666667,5,1,2.6109660574412534,9,23.49869451697128,6,15.66579634464752
1,620,0.29354838709677417,0.3333333333333333,9,6,9.67741935483871,1,1.6129032258064517,4,6.451612903225807
1,526,0.6673003802281369,0.3333333333333333,3,2,3.8022813688212924,11,20.91254752851711,31,58.93536121673004
1,379,0.5461741424802111,0.4,5,2,5.277044854881266,4,10.554089709762533,4,10.554089709762533
1,1474,0.5203527815468114,0.5333333333333333,9,12,8.14111261872456,22,14.925373134328359,11,7.462686567164179
1,2621,0.4868370850820298,0.3333333333333333,9,12,4.578405188859214,33,12.590614269362838,65,24.799694772987408
1,1656,0.5066425120772947,0.3333333333333333,6,9,5.434782608695652,25,15.096618357487923,36,21.73913043478261
1,514,0.5369649805447471,0.4,5,3,5.836575875486381,3,5.836575875486381,14,27.237354085603112
1,609,0.6206896551724138,0.3333333333333333,3,5,8.210180623973727,20,32.84072249589491,21,34.48275862068966
1,813,0.45141451414514144,0.5333333333333333,5,4,4.920049200492005,12,14.760147601476016,10,12.300123001230013
1,881,0.5175936435868331,0.3333333333333333,5,7,7.945516458569807,17,19.296254256526673,12,13.620885357548241
1,3685,0.5443690637720489,0.6666666666666666,16,18,4.884667571234735,71,19.26729986431479,82,22.25237449118046
1,242,0.5289256198347108,0.3333333333333333,5,1,4.132231404958678,3,12.396694214876034,4,16.528925619834713
1,2221,0.47230977037370553,0.3333333333333333,5,14,6.3034669067987394,23,10.355695632597929,36,16.208914903196757
1,1547,0.4854557207498384,0.4,6,19,12.281835811247577,25,16.160310277957336,16,10.342598577892696
1,2340,0.5025641025641026,0.4,6,23,9.82905982905983,41,17.521367521367523,27,11.538461538461538
1,1045,0.5129186602870813,0.6666666666666666,5,5,4.784688995215311,17,16.267942583732058,16,15.311004784688997
1,1684,0.4317102137767221,0.26666666666666666,15,8,4.750593824228028,7,4.156769596199525,25,14.84560570071259
1,232,0.5689655172413793,0.26666666666666666,5,2,8.620689655172413,6,25.86206896551724,16,68.9655172413793
1,324,0.5030864197530864,0.26666666666666666,3,3,9.25925925925926,8,24.691358024691358,3,9.25925925925926
1,255,0.4117647058823529,0.4,3,1,3.9215686274509802,3,11.76470588235294,2,7.8431372549019605
1,437,0.5743707093821511,0.26666666666666666,4,1,2.288329519450801,6,13.729977116704806,11,25.17162471395881
1,262,0.6603053435114504,0.4666666666666667,3,6,22.900763358778626,3,11.450381679389313,22,83.96946564885496
1,411,0.5985401459854015,0.4,2,1,2.4330900243309004,7,17.0316301703163,18,43.79562043795621
1,267,0.5355805243445693,0.26666666666666666,3,2,7.49063670411985,7,26.217228464419474,6,22.47191011235955
1,650,0.48,0.3333333333333333,4,7,10.769230769230768,14,21.538461538461537,8,12.307692307692307
1,550,0.4890909090909091,0.2,5,6,10.909090909090908,11,20,11,20
1,654,0.5382262996941896,0.3333333333333333,6,2,3.058103975535168,8,12.232415902140673,20,30.581039755351682
1,263,0.4144486692015209,0.4666666666666667,5,2,7.604562737642585,0,0,2,7.604562737642585
1,389,0.4961439588688946,0.3333333333333333,5,1,2.570694087403599,7,17.994858611825194,8,20.565552699228792
1,328,0.5121951219512195,0.5333333333333333,3,5,15.24390243902439,7,21.341463414634145,1,3.048780487804878
1,484,0.5681818181818182,0.2,5,2,4.132231404958678,11,22.727272727272727,9,18.59504132231405
1,325,0.6615384615384615,0.6,3,6,18.46153846153846,7,21.538461538461537,32,98.46153846153845
1,327,0.44648318042813456,0.2,5,2,6.116207951070336,6,18.34862385321101,3,9.174311926605505
1,589,0.6078098471986417,0.4,3,3,5.093378607809847,17,28.862478777589136,15,25.466893039049236
1,1009,0.599603567888999,0.4,4,4,3.9643211100099114,28,27.75024777006938,27,26.7591674925669
1,516,0.5445736434108527,0.3333333333333333,3,2,3.875968992248062,9,17.441860465116278,8,15.503875968992247
1,335,0.5432835820895522,0.3333333333333333,4,3,8.955223880597014,6,17.91044776119403,8,23.88059701492537
1,2138,0.5505144995322732,0.26666666666666666,13,14,6.548175865294668,38,17.773620205799812,49,22.91861552853134
1,1837,0.4316820903647251,0.2,7,7,3.810560696788242,25,13.609145345672292,29,15.786608600979859
1,1404,0.3732193732193732,0.5333333333333333,23,12,8.547008547008547,7,4.985754985754986,8,5.698005698005699
1,2755,0.44900181488203267,0.4,6,17,6.170598911070781,24,8.711433756805809,26,9.437386569872958
1,269,0.4275092936802974,0.3333333333333333,3,4,14.869888475836431,2,7.434944237918216,2,7.434944237918216
1,431,0.6890951276102089,0.4,3,2,4.640371229698376,12,27.842227378190255,32,74.24593967517401
1,290,0.5482758620689655,0.4666666666666667,5,1,3.4482758620689657,3,10.344827586206897,3,10.344827586206897
1,391,0.5370843989769821,0.4,3,9,23.017902813299234,8,20.460358056265985,4,10.230179028132993
1,585,0.652991452991453,0.4666666666666667,4,4,6.837606837606838,12,20.512820512820515,22,37.60683760683761
1,491,0.6089613034623218,0.2,4,5,10.183299389002038,14,28.513238289205702,20,40.73319755600815
1,1003,0.31306081754735793,0.4666666666666667,8,9,8.973080757726821,0,0,7,6.979062811565305
1,288,0.6041666666666666,0.4,4,3,10.416666666666668,7,24.305555555555557,8,27.77777777777778
1,1695,0.34277286135693213,0.3333333333333333,6,10,5.899705014749262,8,4.71976401179941,8,4.71976401179941
1,4414,0.42274580879021295,0.3333333333333333,6,34,7.702763932940644,57,12.913457181694609,30,6.796556411418215
1,865,0.37341040462427744,0.4,5,6,6.936416184971098,11,12.716763005780347,9,10.404624277456648
1,343,0.597667638483965,0.2,4,1,2.9154518950437316,22,64.13994169096209,3,8.746355685131194
1,257,0.6070038910505836,0.5333333333333333,3,1,3.8910505836575875,11,42.80155642023346,2,7.782101167315175
1,550,0.7290909090909091,0.6666666666666666,3,1,1.8181818181818181,20,36.36363636363636,49,89.09090909090908
1,2385,0.5224318658280922,0.4,7,20,8.385744234800839,48,20.125786163522015,40,16.771488469601678
1,270,0.5296296296296297,0.4,3,1,3.7037037037037033,4,14.814814814814813,6,22.22222222222222
1,1122,0.3342245989304813,0.4666666666666667,9,9,8.0213903743315509,2,1.7825311942959,3,2.67379679144385
1,430,0.6162790697674418,0.26666666666666666,3,4,9.30232558139535,10,23.25581395348837,11,25.58139534883721
1,186,0.5967741935483871,0.4666666666666667,3,3,16.129032258064516,6,32.25806451612903,5,26.881720430107528
1,366,0.6994535519125683,0.3333333333333333,4,2,5.46448087431694,8,21.85792349726776,31,84.69945355191257
1,684,0.40789473684210525,0.26666666666666666,4,4,5.847953216374268,2,2.923976608187134,10,14.61988304093567
1,807,0.5675340768277571,0.4,5,4,4.956629491945477,13,16.1090458488228,19,23.543990086741015
1,237,0.39662447257383965,0.6,5,5,21.09704641350211,1,4.219409282700422,1,4.219409282700422
1,2251,0.47800977343402934,0.8666666666666667,6,13,5.775211017325633,32,14.215904042647713,24,10.661928031985784
1,328,0.4573170731707317,0.6,4,2,6.097560975609756,1,3.048780487804878,7,21.341463414634145
1,1415,0.384452296819788,0.26666666666666666,8,7,4.946996466431095,20,14.134275618374557,5,3.5335689045936394
1,555,0.6072072072072072,0.2,4,4,7.207207207207206,14,25.225225225225223,13,23.423423423423422
1,5925,0.4459071729957806,0.6,12,34,5.738396624472574,84,14.177215189873419,54,9.113924050632912
1,1354,0.48670605612998524,0.4666666666666667,6,9,6.646971935007385,9,6.646971935007385,22,16.24815361890694
1,779,0.4326059050064185,0.26666666666666666,10,2,2.5673940949935816,6,7.702182284980744,6,7.702182284980744
1,270,0.5407407407407407,0.4,4,2,7.4074074074074066,1,3.7037037037037033,2,7.4074074074074066
1,415,0.6481927710843374,0.4666666666666667,3,4,9.63855421686747,12,28.91566265060241,19,45.78313253012048
1,415,0.6481927710843374,0.4666666666666667,3,4,9.63855421686747,12,28.91566265060241,19,45.78313253012048
1,514,0.5953307392996109,0.4666666666666667,4,2,3.8910505836575875,9,17.509727626459142,11,21.40077821011673
1,2341,0.46048697137975225,0.4,13,15,6.407518154634771,29,12.38786843229389,20,8.543357539513028
1,973,0.5724563206577595,0.3333333333333333,10,6,6.166495375128469,23,23.638232271325798,25,25.693730729701954
1,525,0.52,0.26666666666666666,5,1,1.9047619047619047,7,13.333333333333332,27,51.42857142857142
1,502,0.5617529880478087,0.3333333333333333,4,4,7.968127490039841,9,17.92828685258964,11,21.91235059760956
1,1461,0.4216290212183436,0.2,4,10,6.844626967830253,8,5.475701574264202,21,14.37371663244353
1,1601,0.4478450968144909,0.4666666666666667,7,11,6.870705808869457,19,11.867582760774516,20,12.492192379762649
1,1951,0.38288057406458226,0.26666666666666666,7,6,3.0753459764223474,15,7.688364941055869,14,7.1758072783188105
1,1408,0.4900568181818182,0.4,5,11,7.812500000000001,11,7.812500000000001,18,12.78409090909091
1,2279,0.5796401930671347,0.4,5,12,5.265467310223783,59,25.888547608600263,47,20.623080298376482
1,634,0.6009463722397477,0.3333333333333333,3,2,3.1545741324921135,10,15.772870662460567,18,28.391167192429023
1,916,0.4683406113537118,0.6,8,6,6.550218340611353,9,9.825327510917031,21,22.925764192139738
1,667,0.41529235382308843,0.5333333333333333,5,3,4.497751124437781,6,8.995502248875562,9,13.493253373313342
1,989,0.4570273003033367,0.4,4,5,5.055611729019211,11,11.122345803842265,10,10.111223458038422
1,2189,0.3777980813156693,0.26666666666666666,6,12,5.481955230698949,10,4.568296025582458,15,6.852444038373687
1,537,0.3258845437616387,0.3333333333333333,6,6,11.1731843575419,1,1.8621973929236497,4,7.448789571694599
1,139,0.4748201438848921,0.5333333333333333,3,2,14.388489208633093,2,14.388489208633093,1,7.1942446043165464
1,935,0.6213903743315508,0.5333333333333333,3,3,3.2085561497326203,28,29.946524064171122,30,32.085561497326204
1,362,0.7044198895027625,0.3333333333333333,3,1,2.7624309392265194,13,35.91160220994475,45,124.30939226519338
1,516,0.5910852713178295,0.5333333333333333,3,3,5.813953488372093,16,31.007751937984494,16,31.007751937984494
1,360,0.5472222222222223,0.2,5,2,5.555555555555555,7,19.444444444444446,4,11.11111111111111
1,3360,0.48839285714285713,0.3333333333333333,6,24,7.142857142857143,60,17.857142857142858,43,12.797619047619047
1,689,0.6110304789550073,0.4,4,2,2.902757619738752,11,15.965166908563136,27,39.18722786647315
1,558,0.4767025089605735,0.2,5,1,1.7921146953405016,11,19.71326164874552,8,14.336917562724013
1,665,0.5383458646616541,0.5333333333333333,4,5,7.518796992481203,14,21.052631578947366,14,21.052631578947366
1,774,0.5839793281653747,0.13333333333333333,4,5,6.459948320413437,20,25.839793281653748,29,37.46770025839793
1,1935,0.41550387596899224,0.5333333333333333,9,22,11.369509043927648,17,8.785529715762273,23,11.886304909560723
1,449,0.576837416481069,0.4666666666666667,4,5,11.135857461024498,10,22.271714922048996,12,26.726057906458795
1,911,0.5071350164654226,0.4,5,6,6.586169045005488,14,15.367727771679473,12,13.172338090010976
1,1457,0.4310226492793411,0.6666666666666666,18,7,4.804392587508579,19,13.040494166094714,35,24.021962937542895
1,1016,0.3720472440944882,0.4,6,7,6.889763779527559,11,10.826771653543307,3,2.952755905511811
1,1498,0.5080106809078772,0.3333333333333333,4,12,8.01068090787717,23,15.353805073431241,29,19.359145527369826
1,1654,0.35308343409915355,0.7333333333333333,8,16,9.673518742442564,22,13.301088270858525,12,7.255139056831923
1,494,0.6052631578947368,0.4666666666666667,5,3,6.0728744939271255,8,16.194331983805668,23,46.558704453441294
1,1362,0.3223201174743025,0.5333333333333333,10,12,8.810572687224669,10,7.342143906020557,9,6.607929515418502
1,396,0.7146464646464646,0.4,2,1,2.525252525252525,22,55.55555555555555,39,98.48484848484848
1,1891,0.4405076679005817,0.4,14,12,6.345848757271285,18,9.518773135906928,30,15.864621893178212
1,522,0.35823754789272033,0.5333333333333333,6,5,9.578544061302681,1,1.9157088122605364,4,7.662835249042145
1,1333,0.5161290322580645,0.4,9,2,1.5003750937734435,17,12.753188297074269,42,31.50787696924231
1,180,0.6944444444444444,0.4,2,2,11.11111111111111,5,27.77777777777778,17,94.44444444444444
1,401,0.6683291770573566,0.3333333333333333,2,2,4.987531172069825,13,32.418952618453865,17,42.394014962593516
1,401,0.6683291770573566,0.3333333333333333,2,2,4.987531172069825,13,32.418952618453865,17,42.394014962593516
1,1472,0.6501358695652174,0.6,4,6,4.076086956521739,36,24.456521739130434,69,46.875
1,760,0.656578947368421,0.5333333333333333,5,2,2.6315789473684212,21,27.63157894736842,42,55.26315789473684
1,851,0.32784958871915393,0.26666666666666666,6,9,10.575793184488838,2,2.3501762632197414,8,9.400705052878966
1,682,0.5601173020527859,0.4666666666666667,4,3,4.39882697947214,22,32.25806451612903,11,16.129032258064516
1,830,0.5602409638554217,0.3333333333333333,5,5,6.024096385542169,18,21.686746987951807,20,24.096385542168676
1,679,0.6347569955817378,0.6,4,6,8.836524300441825,31,45.65537555228276,20,29.455081001472752
1,899,0.3692992213570634,0.13333333333333333,11,4,4.4493882091212456,5,5.561735261401557,12,13.348164627363737
1,899,0.3692992213570634,0.13333333333333333,11,4,4.4493882091212456,5,5.561735261401557,12,13.348164627363737
1,704,0.5113636363636364,0.5333333333333333,5,10,14.204545454545455,10,14.204545454545455,20,28.40909090909091
1,541,0.6432532347504621,0.5333333333333333,3,1,1.8484288354898335,18,33.271719038817004,28,51.756007393715336
1,520,0.5653846153846154,0.4666666666666667,3,6,11.538461538461538,11,21.153846153846153,16,30.769230769230766
1,3506,0.3476896748431261,0.4666666666666667,8,27,7.701083856246435,9,2.567027952082145,22,6.274957216200799
1,654,0.4892966360856269,0.4,3,12,18.34862385321101,10,15.290519877675841,7,10.703363914373089
1,551,0.5517241379310345,0.2,4,3,5.44464609800363,11,19.96370235934664,7,12.704174228675136
1,243,0.7119341563786008,0.4,2,1,4.11522633744856,9,37.03703703703704,25,102.88065843621399
1,472,0.625,0.4666666666666667,3,1,2.1186440677966103,11,23.305084745762713,15,31.779661016949156
1,541,0.3456561922365989,0.4666666666666667,5,3,5.545286506469501,2,3.696857670979667,6,11.090573012939002
1,305,0.5049180327868853,0.4666666666666667,6,1,3.278688524590164,6,19.672131147540984,5,16.39344262295082
1,206,0.32038834951456313,0.3333333333333333,4,1,4.8543689320388355,1,4.8543689320388355,1,4.8543689320388355
1,557,0.6373429084380611,0.4,3,4,7.181328545780969,17,30.520646319569117,19,34.1113105924596
1,209,0.631578947368421,0.5333333333333333,3,1,4.784688995215311,8,38.27751196172249,4,19.138755980861244
1,839,0.5125148986889154,0.4,4,5,5.959475566150179,7,8.34326579261025,14,16.6865315852205
1,839,0.5125148986889154,0.4,4,5,5.959475566150179,7,8.34326579261025,14,16.6865315852205
1,1074,0.521415270018622,0.4,4,5,4.655493482309124,10,9.310986964618248,18,16.75977653631285
1,3026,0.5175148711169861,0.3333333333333333,5,18,5.948446794448117,55,18.17580964970258,29,9.583608724388633
1,1178,0.5356536502546689,0.6,5,7,5.942275042444822,25,21.222410865874366,30,25.466893039049236
1,350,0.4542857142857143,0.3333333333333333,4,4,11.428571428571429,1,2.857142857142857,4,11.428571428571429
1,383,0.402088772845953,0.3333333333333333,5,4,10.443864229765014,3,7.83289817232376,5,13.054830287206267
1,923,0.48537378114842905,0.4666666666666667,6,12,13.001083423618635,19,20.58504875406284,7,7.583965330444204
1,923,0.48537378114842905,0.4666666666666667,6,12,13.001083423618635,19,20.58504875406284,7,7.583965330444204
1,570,0.543859649122807,0.6,3,2,3.5087719298245617,6,10.526315789473685,18,31.578947368421055
1,570,0.543859649122807,0.6,3,2,3.5087719298245617,6,10.526315789473685,18,31.578947368421055
1,835,0.5568862275449101,0.5333333333333333,4,9,10.778443113772456,22,26.347305389221557,13,15.568862275449103
1,1171,0.40905209222886424,0.3333333333333333,20,10,8.539709649871904,16,13.663535439795046,13,11.101622544833475
1,195,0.29743589743589743,0.3333333333333333,9,1,5.128205128205128,1,5.128205128205128,1,5.128205128205128
1,328,0.725609756097561,0.5333333333333333,3,1,3.048780487804878,9,27.4390243902439,34,103.65853658536585
1,1928,0.5653526970954357,0.4,5,8,4.149377593360996,43,22.302904564315355,56,29.04564315352697
1,3148,0.37293519695044475,0.4666666666666667,9,23,7.306226175349428,29,9.212198221092757,23,7.306226175349428
1,291,0.6323024054982818,0.6,2,3,10.309278350515465,6,20.61855670103093,14,48.10996563573883
1,423,0.6430260047281324,0.4666666666666667,2,2,4.7281323877068555,11,26.004728132387708,12,28.368794326241137
1,517,0.6479690522243714,0.8,3,4,7.736943907156673,21,40.61895551257253,24,46.42166344294004
1,1370,0.5912408759124088,0.4666666666666667,5,5,3.64963503649635,37,27.00729927007299,22,16.05839416058394
1,371,0.5741239892183289,0.5333333333333333,3,4,10.78167115902965,15,40.43126684636118,8,21.5633423180593
1,305,0.5967213114754099,0.6,3,4,13.114754098360656,14,45.90163934426229,10,32.78688524590164
1,5098,0.41369164378187523,0.3333333333333333,23,34,6.669282071400549,41,8.042369556688898,94,18.43860337387211
1,404,0.5891089108910891,0.7333333333333333,3,4,9.900990099009901,12,29.7029702970297,10,24.75247524752475
1,718,0.4428969359331476,0.5333333333333333,4,11,15.320334261838441,15,20.891364902506965,3,4.178272980501393
1,569,0.7082601054481547,0.26666666666666666,4,1,1.7574692442882252,24,42.1792618629174,25,43.93673110720563
1,2326,0.5202063628546861,0.4,17,12,5.159071367153913,43,18.486672398968185,58,24.935511607910577
1,1013,0.5419545903257651,0.4,17,6,5.923000987166832,24,23.692003948667328,20,19.74333662388944
1,807,0.6232961586121437,0.4666666666666667,5,3,3.717472118959108,21,26.022304832713754,28,34.696406443618336
1,414,0.6497584541062802,0.4666666666666667,3,4,9.66183574879227,6,14.492753623188406,20,48.309178743961354
1,1651,0.6384009691096305,0.6,4,10,6.0569351907934585,37,22.410660205935795,66,39.97577225923683
1,1445,0.48373702422145326,0.3333333333333333,5,14,9.688581314878892,16,11.07266435986159,21,14.532871972318338
1,413,0.612590799031477,0.26666666666666666,3,3,7.263922518159807,11,26.63438256658596,11,26.63438256658596
1,2864,0.4064245810055866,0.7333333333333333,16,20,6.983240223463687,34,11.871508379888269,39,13.617318435754191
1,261,0.31800766283524906,0.5333333333333333,4,1,3.8314176245210727,0,0,4,15.32567049808429
1,1270,0.5866141732283464,0.4666666666666667,5,10,7.874015748031496,37,29.133858267716533,16,12.598425196850393
1,1270,0.5866141732283464,0.4666666666666667,5,10,7.874015748031496,37,29.133858267716533,16,12.598425196850393
1,542,0.5571955719557196,0.26666666666666666,4,2,3.6900369003690034,5,9.225092250922508,9,16.605166051660515
1,6059,0.37464928205974585,0.4,12,39,6.436705727017659,36,5.94157451724707,39,6.436705727017659
1,666,0.42792792792792794,0.5333333333333333,5,4,6.006006006006006,8,12.012012012012011,7,10.51051051051051
1,542,0.5571955719557196,0.4666666666666667,3,2,3.6900369003690034,13,23.98523985239852,2,3.6900369003690034
1,328,0.5762195121951219,0.3333333333333333,3,1,3.048780487804878,5,15.24390243902439,16,48.78048780487805
1,1370,0.4678832116788321,0.26666666666666666,8,9,6.56934306569343,24,17.51824817518248,16,11.678832116788321
0,234,0.6282051282051282,0.4666666666666667,3,4,17.094017094017094,8,34.18803418803419,8,34.18803418803419
0,1667,0.611877624475105,0.4,5,7,4.199160167966407,52,31.193761247750448,56,33.593281343731256
0,4300,0.5076744186046511,0.4,9,37,8.604651162790699,90,20.930232558139537,49,11.395348837209303
0,1171,0.37233134073441504,0.4,5,9,7.685738684884714,3,2.561912894961571,20,17.079419299743808
0,419,0.6610978520286396,0.3333333333333333,3,1,2.3866348448687353,9,21.479713603818617,11,26.25298329355609
0,439,0.6287015945330297,0.4666666666666667,3,2,4.555808656036446,7,15.945330296127562,11,25.056947608200456
0,580,0.6275862068965518,0.4666666666666667,2,1,1.7241379310344829,15,25.862068965517242,13,22.413793103448278
0,363,0.68044077134986225,0.4,3,1,2.7548209366391188,14,38.56749311294766,14,38.56749311294766
0,2061,0.6438622028141678,0.5333333333333333,5,8,3.881610868510432,64,31.052886948083454,78,37.84570596797671
0,1896,0.6139240506329114,0.26666666666666666,4,9,4.746835443037975,56,29.535864978902953,53,27.953586497890296
0,2587,0.3908001546192501,0.26666666666666666,7,27,10.436799381522999,21,8.117510630073443,24,9.277155005798221
0,560,0.44285714285714284,0.5333333333333333,4,4,7.142857142857142,6,10.714285714285714,10,17.857142857142854
0,1242,0.6143317230273752,0.3333333333333333,3,19,15.297906602254429,72,57.971014492753625,31,24.9597423510467
0,326,0.6226993865030674,0.5333333333333333,3,3,9.202453987730062,9,27.607361963190183,9,27.607361963190183
0,1189,0.6156433978132885,0.3333333333333333,8,5,4.205214465937763,39,32.80067283431455,42,35.32380151387721
0,796,0.6168341708542714,0.3333333333333333,9,1,1.2562814070351758,20,25.125628140703515,37,46.482412060301506
0,1484,0.5606469002695418,0.8,8,5,3.3692722371967654,31,20.889487870619945,48,32.34501347708895
0,415,0.5734939759036145,0.4,4,3,7.228915662650603,6,14.457831325301205,15,36.144578313253014
0,989,0.5955510616784631,0.4666666666666667,5,6,6.066734074823054,19,19.211324570273003,30,30.33367037411527
0,453,0.6843267108167771,0.4666666666666667,4,1,2.2075055187637966,23,50.77262693156733,31,68.4326710816777
0,484,0.6342975206611571,0.4666666666666667,3,4,8.264462809917356,9,18.59504132231405,23,47.5206611570248
0,746,0.3485254691689008,0.5333333333333333,5,4,5.361930294906166,2,2.680965147453083,6,8.04289544235925
0,1846,0.356988082340195,0.6,14,16,8.66738894907909,15,8.125677139761647,14,7.583965330444204
0,178,0.6853932584269663,0.4666666666666667,2,1,5.617977528089888,7,39.325842696629216,5,28.08988764044944
0,940,0.6117021276595744,0.4666666666666667,4,2,2.127659574468085,13,13.829787234042554,25,26.595744680851066
0,652,0.4892638036809816,0.6,7,8,12.269938650306749,9,13.803680981595091,13,19.938650306748464
0,560,0.6535714285714286,0.4666666666666667,3,4,7.142857142857142,31,55.357142857142854,27,48.21428571428571
0,1020,0.5294117647058824,0.6,5,10,9.803921568627452,14,13.72549019607843,25,24.509803921568626
0,1086,0.6049723756906077,0.4666666666666667,4,4,3.6832412523020257,31,28.5451197053407,27,24.861878453038674
0,1595,0.5761755485893417,0.26666666666666666,5,10,6.269592476489028,30,18.808777429467085,30,18.808777429467085
0,389,0.7069408740359897,0.4666666666666667,2,1,2.570694087403599,13,33.419023136246786,39,100.25706940874036
0,284,0.6443661971830986,0.4,2,1,3.5211267605633805,17,59.85915492957747,6,21.126760563380284
0,308,0.7532467532467533,0.3333333333333333,2,1,3.2467532467532467,6,19.48051948051948,34,110.3896103896104
0,2590,0.40424710424710425,0.26666666666666666,19,12,4.633204633204634,28,10.81081081081081,22,8.494208494208495
0,916,0.6495633187772926,0.6,3,2,2.1834061135371177,22,24.017467248908297,26,28.38427947598253
0,754,0.6140583554376657,0.7333333333333333,5,3,3.9787798408488064,13,17.24137931034483,33,43.76657824933687
0,357,0.6470588235294118,0.3333333333333333,3,1,2.801120448179272,7,19.607843137254903,22,61.62464985994398
0,502,0.6215139442231076,0.4666666666666667,3,1,1.9920318725099602,20,39.8406374501992,8,15.936254980079681
0,787,0.41296060991105465,0.3333333333333333,7,5,6.353240152477763,3,3.8119440914866582,12,15.247776365946633
0,557,0.4111310592459605,0.3333333333333333,5,6,10.771992818671453,5,8.97666068222621,12,21.543985637342907
0,527,0.6584440227703985,0.4,3,3,5.692599620493358,18,34.15559772296015,29,55.02846299810246
0,1726,0.6315179606025493,0.26666666666666666,4,14,8.111239860950175,36,20.85747392815759,71,41.13557358053303
0,5558,0.44368477869737316,0.26666666666666666,6,41,7.376754228139619,73,13.134220942785175,40,7.196833393306945
0,2575,0.5953398058252427,0.4666666666666667,5,14,5.4368932038834945,56,21.747572815533978,94,36.50485436893204
0,600,0.5833333333333334,0.26666666666666666,5,5,8.333333333333334,9,15,22,36.66666666666667
0,849,0.5736160188457008,0.26666666666666666,5,5,5.889281507656066,13,15.312131919905772,29,34.157832744405184
0,1341,0.6129753914988815,0.3333333333333333,5,4,2.982848620432513,29,21.62565249813572,75,55.92841163310962
0,531,0.7175141242937854,0.26666666666666666,3,3,5.649717514124293,8,15.065913370998116,65,122.4105461393597
0,4069,0.3165396903416073,0.3333333333333333,11,29,7.127058245269108,22,5.406733841238633,20,4.915212582944212
0,575,0.5078260869565218,0.06666666666666667,4,3,5.217391304347826,8,13.913043478260871,4,6.9565217391304355
0,478,0.50418410041841,0.4666666666666667,3,6,12.552301255230127,3,6.276150627615063,7,14.644351464435147
0,593,0.4856661045531197,0.5333333333333333,4,11,18.54974704890388,14,23.60876897133221,5,8.431703204047217
0,1875,0.4458666666666667,0.5333333333333333,11,11,5.866666666666666,24,12.8,54,28.8
0,1921,0.3508589276418532,0.26666666666666666,8,12,6.246746486205101,14,7.287870900572618,20,10.41124414367517
0,2766,0.33731019522776573,0.26666666666666666,9,21,7.592190889370933,15,5.422993492407809,19,6.869125090383225
0,537,0.5121042830540037,0.4,4,5,9.310986964618248,16,29.795158286778396,4,7.448789571694599
0,544,0.5772058823529411,0.26666666666666666,4,2,3.676470588235294,13,23.89705882352941,15,27.573529411764703
0,501,0.5289421157684631,0.4666666666666667,4,5,9.980039920159681,14,27.944111776447105,13,25.948103792415168
0,2663,0.3702591062711228,0.5333333333333333,6,14,5.257228689447992,17,6.383777694329704,30,11.265490048817124
0,4514,0.3721754541426673,0.4,7,33,7.310589277802392,36,7.9751883030571555,23,5.0952591936198495
0,6972,0.3815261044176707,0.26666666666666666,28,43,6.167527251864601,46,6.597819850831899,48,6.884681583476763
0,871,0.31802525832376577,0.3333333333333333,18,7,8.036739380022961,1,1.148105625717566,5,5.7405281285878305
0,305,0.5508196721311476,0.4,3,3,9.836065573770492,10,32.78688524590164,7,22.950819672131146
0,1949,0.5048742945100051,0.5333333333333333,14,14,7.183170856849666,26,13.340174448435095,36,18.471010774756284
0,828,0.5881642512077294,0.3333333333333333,4,7,8.454106280193237,20,24.154589371980677,19,22.946859903381643
0,1108,0.45938628158844763,0.26666666666666666,13,9,8.12274368231047,12,10.830324909747292,20,18.050541516245485
0,259,0.5405405405405406,0.4666666666666667,4,2,7.722007722007722,7,27.027027027027025,6,23.166023166023166
0,580,0.5103448275862069,0.26666666666666666,5,9,15.517241379310345,11,18.965517241379313,3,5.172413793103448
0,1306,0.5949464012251149,0.5333333333333333,5,6,4.594180704441041,46,35.22205206738131,33,25.267993874425727
0,495,0.6787878787878788,0.4,4,1,2.0202020202020203,10,20.2020202020202,31,62.62626262626263
0,438,0.5821917808219178,0.3333333333333333,3,3,6.8493150684931505,11,25.114155251141554,3,6.8493150684931505
0,393,0.49363867684478374,0.6,7,3,7.633587786259541,13,33.07888040712468,6,15.267175572519083
0,618,0.6504854368932039,0.6,5,2,3.236245954692557,16,25.889967637540455,34,55.016181229773466
0,469,0.6588486140724946,0.4666666666666667,4,1,2.1321961620469083,16,34.11513859275053,20,42.64392324093817
0,330,0.6636363636363637,0.4,2,3,9.09090909090909,12,36.36363636363636,21,63.63636363636363
0,1881,0.4704944178628389,0.4,15,12,6.379585326953748,26,13.822434875066454,15,7.974481658692185
0,774,0.6925064599483204,0.26666666666666666,3,4,5.167958656330749,16,20.671834625322997,61,78.81136950904393
0,2646,0.6436130007558579,0.5333333333333333,5,9,3.4013605442176873,92,34.76946334089191,104,39.304610733182166
0,470,0.597872340425532,0.5333333333333333,4,4,8.51063829787234,6,12.765957446808512,17,36.17021276595745
0,283,0.5547703180212014,0.26666666666666666,4,2,7.06713780918728,2,7.06713780918728,10,35.3356890459364
0,2060,0.32038834951456313,0.2,9,12,5.825242718446602,11,5.339805825242719,12,5.825242718446602
0,3251,0.3546601045832052,0.3333333333333333,6,20,6.151953245155337,15,4.6139649338665025,24,7.382343894186405
0,3040,0.5894736842105263,0.3333333333333333,5,17,5.592105263157895,65,21.38157894736842,109,35.85526315789474
0,446,0.5291479820627802,0.4666666666666667,6,1,2.242152466367713,9,20.179372197309416,11,24.663677130044842
0,2474,0.35772029102667746,0.3333333333333333,7,12,4.8504446240905414,21,8.488278092158447,16,6.467259498787389
0,374,0.5989304812834224,0.4,4,2,5.347593582887701,8,21.390374331550802,11,29.41176470588235
0,374,0.5989304812834224,0.4,4,2,5.347593582887701,8,21.390374331550802,11,29.41176470588235
0,648,0.4104938271604938,0.2,24,3,4.62962962962963,9,13.88888888888889,3,4.62962962962963
0,2201,0.35620172648796,0.26666666666666666,20,18,8.17810086324398,9,4.08905043162199,11,4.997728305315765
0,349,0.6332378223495702,0.4,3,1,2.865329512893983,6,17.191977077363898,18,51.57593123209169
0,1652,0.4261501210653753,0.5333333333333333,8,16,9.685230024213075,23,13.922518159806296,18,10.89588377723971
0,532,0.33270676691729323,0.3333333333333333,6,3,5.639097744360902,4,7.518796992481203,2,3.7593984962406015
0,388,0.5541237113402062,0.4,3,4,10.309278350515463,7,18.04123711340206,9,23.195876288659793
0,2324,0.3898450946643718,0.26666666666666666,8,12,5.163511187607574,27,11.617900172117041,23,9.896729776247849
0,3813,0.34565958562811433,0.4,7,13,3.409388932599003,19,4.9829530553370045,42,11.01494885916601
0,973,0.40493319630010277,0.5333333333333333,6,5,5.138746145940391,9,9.249743062692703,9,9.249743062692703
0,2045,0.40929095354523226,0.26666666666666666,6,11,5.378973105134475,15,7.334963325183375,17,8.312958435207824
0,2192,0.47764598540145986,0.5333333333333333,7,10,4.562043795620437,31,14.142335766423356,25,11.405109489051094
0,2636,0.4006069802731411,0.4666666666666667,8,16,6.069802731411229,22,8.34597875569044,17,6.4491654021244305
0,477,0.7693920335429769,0.4666666666666667,2,1,2.0964360587002098,20,41.928721174004195,58,121.59329140461216
0,444,0.5698198198198198,0.4,4,1,2.2522522522522523,6,13.513513513513514,15,33.78378378378378
0,2902,0.39490006891798757,0.3333333333333333,14,13,4.479669193659545,16,5.5134390075809785,34,11.716057891109578
0,981,0.6401630988786952,0.8,6,8,8.154943934760448,23,23.44546381243629,47,47.91029561671763
0,433,0.44110854503464203,0.7333333333333333,6,3,6.928406466512702,6,13.856812933025404,6,13.856812933025404
0,530,0.38301886792452833,0.4,9,2,3.773584905660377,1,1.8867924528301885,1,1.8867924528301885
0,1989,0.5520361990950227,0.26666666666666666,5,21,10.558069381598793,53,26.646556058320762,41,20.613373554550023
0,489,0.4887525562372188,0.3333333333333333,4,9,18.404907975460123,10,20.449897750511248,7,14.314928425357873
0,534,0.5037453183520599,0.4666666666666667,4,5,9.363295880149812,7,13.108614232209737,5,9.363295880149812
0,384,0.609375,0.4,3,2,5.208333333333333,13,33.854166666666664,3,7.8125
0,495,0.6707070707070707,0.4,2,7,14.141414141414142,8,16.161616161616163,27,54.54545454545455
0,1842,0.5770901194353963,0.4666666666666667,6,9,4.885993485342019,52,28.23018458197611,50,27.144408251900106
0,1216,0.5748355263157895,0.6666666666666666,5,7,5.756578947368421,33,27.138157894736842,28,23.026315789473685
0,592,0.6402027027027027,0.4,3,5,8.445945945945946,22,37.16216216216216,17,28.716216216216218
0,1154,0.5909878682842288,0.5333333333333333,4,9,7.798960138648181,22,19.06412478336222,39,33.795493934142115
0,2035,0.3375921375921376,0.26666666666666666,8,12,5.896805896805897,11,5.405405405405405,12,5.896805896805897
0,2035,0.3375921375921376,0.26666666666666666,8,12,5.896805896805897,11,5.405405405405405,12,5.896805896805897
0,1152,0.4409722222222222,0.3333333333333333,8,4,3.4722222222222223,10,8.680555555555555,9,7.812500000000001
0,698,0.6174785100286533,0.8,4,6,8.595988538681949,20,28.65329512893983,21,30.08595988538682
0,572,0.5734265734265734,0.5333333333333333,3,8,13.986013986013987,17,29.720279720279724,21,36.71328671328671
0,1800,0.43944444444444447,0.2,7,16,8.88888888888889,20,11.11111111111111,13,7.222222222222222
0,300,0.6166666666666667,0.5333333333333333,4,3,10,7,23.333333333333336,9,30
0,916,0.6342794759825328,0.3333333333333333,3,10,10.91703056768559,16,17.46724890829694,61,66.5938864628821
0,502,0.6195219123505976,0.6,3,3,5.9760956175298805,18,35.85657370517928,15,29.8804780876494
0,2364,0.3477157360406091,0.2,7,13,5.499153976311337,14,5.922165820642978,13,5.499153976311337
0,336,0.5922619047619048,0.26666666666666666,3,1,2.976190476190476,10,29.76190476190476,6,17.857142857142858
0,443,0.5214446952595937,0.3333333333333333,4,5,11.28668171557562,2,4.514672686230249,9,20.31602708803612
0,1145,0.33973799126637555,0.4,9,2,1.7467248908296944,6,5.240174672489083,17,14.847161572052402
0,1279,0.5809225957779516,0.5333333333333333,4,7,5.47302580140735,35,27.36512900703675,27,21.11024237685692
0,252,0.6865079365079365,0.5333333333333333,3,2,7.936507936507937,4,15.873015873015873,22,87.3015873015873
0,215,0.5209302325581395,0.5333333333333333,3,1,4.651162790697675,3,13.953488372093023,2,9.30232558139535
0,1190,0.4504201680672269,0.4666666666666667,16,7,5.882352941176471,12,10.084033613445378,22,18.487394957983195
0,801,0.36953807740324596,0.26666666666666666,5,3,3.745318352059925,3,3.745318352059925,6,7.49063670411985
0,861,0.3797909407665505,0.2,7,4,4.645760743321719,7,8.130081300813009,8,9.291521486643438
0,269,0.5353159851301115,0.4666666666666667,3,4,14.869888475836431,2,7.434944237918216,5,18.587360594795538
0,1070,0.34766355140186916,0.4,5,4,3.7383177570093458,5,4.672897196261682,5,4.672897196261682
0,297,0.696969696969697,0.4,1,2,6.734006734006734,5,16.835016835016837,26,87.54208754208754
0,1763,0.4095292115711855,0.3333333333333333,6,7,3.970504821327283,10,5.672149744753262,10,5.672149744753262
0,1348,0.5452522255192879,0.6,4,6,4.451038575667655,25,18.5459940652819,32,23.73887240356083
0,505,0.6792079207920793,0.5333333333333333,4,1,1.9801980198019802,17,33.663366336633665,31,61.386138613861384
0,277,0.6895306859205776,0.3333333333333333,4,1,3.6101083032490973,8,28.880866425992778,27,97.47292418772562
0,829,0.30759951749095293,0.6,5,3,3.618817852834741,5,6.031363088057901,8,9.650180940892643
0,1401,0.4004282655246253,0.4,8,11,7.851534618129907,11,7.851534618129907,8,5.710206995003569
0,2406,0.5552784704904405,0.4666666666666667,5,14,5.818786367414796,44,18.287614297589357,66,27.43142144638404
0,1301,0.4965411222136818,0.4,4,14,10.76095311299001,18,13.835511145272868,17,13.066871637202153
0,1132,0.4840989399293286,0.5333333333333333,6,10,8.8339222614841,27,23.85159010600707,8,7.06713780918728
0,442,0.5972850678733032,0.4666666666666667,3,6,13.574660633484163,10,22.624434389140273,13,29.41176470588235
0,1357,0.3574060427413412,0.5333333333333333,6,11,8.10611643330877,9,6.632277081798084,7,5.158437730287399
0,2052,0.4317738791423002,0.4666666666666667,7,9,4.385964912280702,17,8.284600389863547,17,8.284600389863547
0,370,0.6594594594594595,0.4666666666666667,3,1,2.7027027027027026,8,21.62162162162162,32,86.48648648648648
0,1420,0.5542253521126761,0.5333333333333333,4,12,8.450704225352114,16,11.267605633802818,30,21.126760563380284
0,1351,0.42487046632124353,0.4666666666666667,7,8,5.921539600296077,10,7.401924500370097,19,14.063656550703183
0,497,0.4688128772635815,0.6,3,6,12.072434607645876,5,10.060362173038229,4,8.048289738430583
0,2968,0.578167115902965,0.4666666666666667,6,26,8.76010781671159,70,23.58490566037736,75,25.269541778975743
0,3065,0.367047308319739,0.4,12,10,3.2626427406199023,13,4.241435562805873,22,7.177814029363785
0,422,0.5853080568720379,0.6,3,2,4.739336492890995,9,21.32701421800948,12,28.436018957345972
0,1145,0.42358078602620086,0.4666666666666667,4,7,6.11353711790393,17,14.847161572052402,6,5.240174672489083
0,2880,0.4670138888888889,0.6666666666666666,14,18,6.25,38,13.194444444444445,98,34.02777777777778
0,704,0.6477272727272727,0.4666666666666667,4,5,7.1022727272727275,29,41.19318181818182,39,55.39772727272727
0,1154,0.4254766031195841,0.4666666666666667,13,8,6.932409012131716,16,13.864818024263432,10,8.665511265164646
0,1121,0.5816235504014273,0.6666666666666666,5,10,8.920606601248885,28,24.977698483496876,48,42.81891168599465
0,375,0.5973333333333334,0.4,3,5,13.333333333333334,11,29.333333333333332,7,18.666666666666668
0,584,0.5976027397260274,0.6666666666666666,4,2,3.4246575342465757,13,22.26027397260274,10,17.123287671232877
0,1261,0.5971451229183188,0.3333333333333333,4,6,4.758128469468676,29,22.99762093576527,28,22.204599524187156
0,364,0.6153846153846154,0.7333333333333333,3,2,5.4945054945054945,11,30.21978021978022,6,16.483516483516485
0,3649,0.5908468073444779,0.8,6,15,4.110715264456015,86,23.56810084954782,122,33.433817484242255
0,638,0.5846394984326019,0.4,4,4,6.269592476489028,17,26.645768025078368,22,34.48275862068965
0,584,0.5547945205479452,0.4666666666666667,4,1,1.7123287671232879,12,20.547945205479454,10,17.123287671232877
0,475,0.5557894736842105,0.26666666666666666,4,2,4.2105263157894735,5,10.526315789473685,8,16.842105263157894
0,527,0.57874762808349145,0.3333333333333333,4,3,5.692599620493358,14,26.56546489563567,6,11.385199240986717
0,354,0.4689265536723164,0.4,5,4,11.299435028248588,4,11.299435028248588,10,28.24858757062147
0,1638,0.41452991452991456,0.26666666666666666,7,9,5.4945054945054945,12,7.326007326007327,15,9.157509157509159
0,337,0.6112759643916914,0.3333333333333333,3,1,2.9673590504451037,5,14.836795252225519,14,41.54302670623145
0,802,0.36783042394014964,0.5333333333333333,5,5,6.234413965087281,5,6.234413965087281,10,12.468827930174562
0,530,0.6471698113207547,0.13333333333333333,2,5,9.433962264150942,14,26.41509433962264,18,33.9622641509434
0,1624,0.5123152709359606,0.6,7,11,6.773399014778325,31,19.088669950738915,45,27.709359605911327
0,419,0.5847255369928401,0.4666666666666667,3,1,2.3866348448687353,8,19.093078758949883,9,21.479713603818617
0,1036,0.611969111969112,0.6,4,2,1.9305019305019304,34,32.818532818532816,21,20.27027027027027
0,206,0.6990291262135923,0.6,3,1,4.8543689320388355,8,38.834951456310684,20,97.0873786407767
0,538,0.6412639405204461,0.26666666666666666,5,1,1.858736059479554,16,29.739776951672862,21,39.03345724907063
0,292,0.613013698630137,0.26666666666666666,5,1,3.4246575342465757,10,34.24657534246575,5,17.123287671232877
0,1575,0.49396825396825395,0.4666666666666667,5,12,7.6190476190476195,18,11.428571428571429,28,17.77777777777778
0,2482,0.5076551168412571,0.4666666666666667,8,22,8.8638195004029,33,13.29572925060435,39,15.71313456889605
0,403,0.6476426799007444,0.9333333333333333,4,1,2.4813895781637716,12,29.776674937965257,14,34.7394540942928
0,1792,0.40011160714285715,0.26666666666666666,10,17,9.486607142857142,19,10.602678571428571,15,8.370535714285714
0,1352,0.5791420118343196,0.4666666666666667,6,5,3.6982248520710055,31,22.928994082840234,32,23.668639053254438
0,4166,0.4039846375420067,0.4,9,38,9.121459433509362,35,8.401344215074412,36,8.641382621219394
0,660,0.7378787878787879,0.5333333333333333,3,3,4.545454545454545,25,37.878787878787875,63,95.45454545454545
0,1551,0.4912959381044487,0.26666666666666666,5,14,9.026434558349452,24,15.473887814313347,33,21.27659574468085
0,593,0.5632377740303541,0.5333333333333333,4,4,6.745362563237775,12,20.236087689713322,17,28.66779089376054
0,654,0.6146788990825688,0.4,4,5,7.6452599388379205,14,21.406727828746178,34,51.98776758409786
0,1298,0.35670261941448383,0.5333333333333333,9,6,4.622496147919876,7,5.3929121725731894,12,9.244992295839753
0,263,0.6387832699619772,0.26666666666666666,3,3,11.406844106463877,9,34.22053231939163,10,38.02281368821293
0,926,0.652267818574514,0.6,4,4,4.319654427645788,33,35.63714902807775,39,42.11663066954643
0,1997,0.3294942413620431,0.4,12,13,6.5097646469704555,14,7.01051577366049,13,6.5097646469704555
0,210,0.3523809523809524,0.3333333333333333,7,1,4.761904761904762,2,9.523809523809524,1,4.761904761904762
0,653,0.32618683001531396,0.3333333333333333,12,1,1.5313935681470137,4,6.125574272588055,7,10.719754977029096
0,559,0.5813953488372093,0.3333333333333333,4,4,7.155635062611806,6,10.73345259391771,14,25.044722719141323
0,2385,0.4582809224318658,0.4,10,10,4.1928721174004195,25,10.482180293501049,41,17.19077568134172
0,496,0.6411290322580645,0.3333333333333333,3,4,8.064516129032258,15,30.241935483870968,18,36.29032258064516
0,1131,0.5985853227232537,0.4,4,5,4.420866489832007,28,24.75685234305924,47,41.55614500442087
0,593,0.5379426644182125,0.4666666666666667,4,4,6.745362563237775,13,21.922428330522767,7,11.804384485666105
0,606,0.6584158415841584,0.4,3,2,3.3003300330033003,15,24.752475247524753,30,49.504950495049506
0,413,0.44552058111380144,0.5333333333333333,4,3,7.263922518159807,2,4.8426150121065374,10,24.213075060532688
0,544,0.3915441176470588,0.3333333333333333,7,4,7.352941176470588,5,9.191176470588236,3,5.514705882352941
0,688,0.4127906976744186,0.3333333333333333,4,5,7.267441860465117,4,5.813953488372094,7,10.174418604651164
0,594,0.45791245791245794,0.4666666666666667,5,8,13.468013468013469,5,8.417508417508419,16,26.936026936026938
0,1488,0.4220430107526882,0.4,17,9,6.048387096774194,13,8.736559139784946,40,26.881720430107528
0,558,0.4050179211469534,0.26666666666666666,5,2,3.584229390681003,7,12.544802867383511,1,1.7921146953405016
0,686,0.6516034985422741,0.3333333333333333,3,5,7.2886297376093285,20,29.154518950437314,30,43.731778425655975
0,414,0.6497584541062802,0.4666666666666667,3,4,9.66183574879227,6,14.492753623188406,20,48.309178743961354
0,2542,0.5912667191188041,0.5333333333333333,9,14,5.507474429583006,63,24.783634933123526,54,21.243115656963024
0,292,0.636986301369863,0.3333333333333333,3,1,3.4246575342465757,6,20.547945205479454,16,54.79452054794521
0,1176,0.5918367346938775,0.3333333333333333,5,6,5.1020408163265305,29,24.659863945578234,21,17.857142857142858
0,599,0.5609348914858097,0.5333333333333333,4,9,15.025041736227045,10,16.69449081803005,21,35.058430717863104
0,981,0.43017329255861364,0.3333333333333333,6,8,8.154943934760448,7,7.135575942915392,16,16.309887869520896
0,6365,0.3688923802042419,0.26666666666666666,22,38,5.970149253731343,34,5.341712490180675,36,5.655930871956009
0,1061,0.6625824693685203,0.8666666666666667,5,4,3.770028275212064,27,25.447690857681433,44,41.470311027332706
0,431,0.6751740139211136,0.4666666666666667,5,2,4.640371229698376,8,18.561484918793504,25,58.0046403712297
0,360,0.6555555555555556,0.3333333333333333,3,3,8.333333333333334,11,30.555555555555557,13,36.111111111111114
0,647,0.6661514683153014,0.6,3,6,9.273570324574962,35,54.09582689335394,19,29.36630602782071
